fen,trait,en_passant,roque,cp
7r/1p3k2/p1bPR3/5p2/2B2P1p/8/PP4P1/3K4,0,0,0,69
8/4r3/2R2pk1/6pp/3P4/6P1/5K1P/8,0,0,0,0
6k1/6p1/8/4K3/4NN2/8/8/8,1,0,0,15
r1b2rk1/1p2bppp/p1nppn2/q7/2P1P3/N1N5/PP2BPPP/R1BQ1RK1,1,0,0,24
6k1/4Rppp/8/8/8/8/5PPP/6K1,1,0,0,1
6k1/6p1/6N1/4K3/4N3/8/8/8,0,0,0,23
rnbqkbnr/pppppppp/8/8/8/8/PPPPPPPP/RNBQKBNR,1,1,0,19
8/8/2N2k2/8/1p2p3/p7/K7/8,0,0,0,0
8/1r6/2R2pk1/6pp/3P4/6P1/5K1P/8,1,0,0,0
1R4k1/3q1pp1/6n1/b2p2Pp/2pP2b1/p1P5/P1BQrPPB/5NK1,0,0,0,-57
8/5kp1/6N1/4K3/4N3/8/8/8,1,0,0,23
1k1r1r2/pbp3pp/1p1q1p2/2p2Q2/4P3/1P1PB3/P1P3PP/4RRK1,1,0,0,2
8/3B4/8/p4p1k/5P1p/Pb6/1P4P1/6K1,1,0,0,676
r2qk2r/3n2p1/1pp1p3/3pPpb1/P2P1nBp/1NB4P/1PP2P2/R3QR1K,1,1,1,7
1R6/3q1ppk/6n1/b2p2Pp/2pP2b1/p1P5/P1B1rPPB/2Q2NK1,0,0,0,-76
3r4/1p3k2/p1bPR3/5p2/2B2P1p/8/PP4P1/3K4,1,0,0,180
1r2kb1r/pBp2ppp/4pn2/5b2/Q1pq4/6P1/PP1NPP1P/R1B2RK1,0,1,0,257
3r4/6k1/2bPR3/pp3p2/2B2P1p/P7/1P3KP1/8,1,0,0,337
rnbqkbnr/ppp1pppp/8/3p4/3P4/8/PPP1PPPP/RNBQKBNR,1,1,0,27
r2k2r1/pppb1p1p/2p5/8/3Bn3/8/PPP2PPP/2KR1B1R,0,0,0,152
2r1r1k1/5ppp/8/8/Q7/8/5PPP/4R1K1,1,0,0,2
2r1r1k1/3Q1p2/7R/4N1p1/P4n2/1q5P/5PP1/4R1K1,1,0,0,18
8/5p1k/3r2p1/7p/R6P/8/5PPK/8,1,0,0,0
rnbqkbnr/pp2pppp/2p5/3P4/3P4/8/PP2PPPP/RNBQKBNR,0,1,0,15
8/4k3/8/4K3/8/4P3/8/8,0,0,0,16
r1b2rk1/pp3ppp/1q2p3/2npP1N1/8/8/PPQ2PPP/R3RBK1,0,0,0,27
rnbqkbnr/pppppppp/8/8/4P3/8/PPPP1PPP/RNBQKBNR,0,1,0,18
k1K5/8/8/1P6/8/8/8/8,0,0,0,16
8/8/2B2k2/p4p2/5P1p/Pb6/1P3KP1/8,1,0,0,564
rnbqkb1r/pp2pp1p/5np1/2pp4/3P4/1P1BPN2/P1P2PPP/RNBQK2R,0,1,0,-17
rnbqk2r/ppp2ppp/5n2/2bNp3/2B1PP2/8/PPPP2PP/R1BQK1NR,0,1,0,-11
R4nk1/6p1/8/5pb1/P1pN2b1/7p/2B3P1/5K2,1,0,0,320
8/p5p1/3kp1p1/PPp1np2/2P1p3/4P2P/3KBPP1/8,1,0,0,23
8/8/2b5/5B1k/1P3P1p/7K/6P1/8,1,0,0,1592
R4nk1/6p1/8/5pb1/P1p3bp/8/2B1N1P1/5K2,1,0,0,303
8/p4pp1/3kp1p1/PPp1n3/2P1p3/4P2P/4BPP1/4K3,1,0,0,42
8/p4pp1/3kp1p1/PPp1n3/2P1p3/4P2P/3KBPP1/8,0,0,0,0
7r/1p4k1/p1bR1r2/5p1p/2P2P2/3B4/PP4P1/3KR3,1,0,0,0
7r/1p4k1/p1bR1r2/2P2p1p/5P2/3B4/PP4P1/3KR3,0,0,0,4
5r1r/1p4k1/p1bR4/5p1p/2P2P2/3B4/PP4P1/3KR3,0,0,0,2
8/1r6/5pk1/6pp/3P4/6P1/2R2K1P/8,0,0,0,0
rnbqkbnr/ppp1pppp/8/3p4/3P1B2/8/PPP1PPPP/RN1QKBNR,0,1,0,0
7k/6p1/6Q1/8/8/1B6/8/6K1,1,0,0,1
k7/2K5/8/1P6/8/8/8/8,1,0,0,15
r2qk2r/3n4/1pp1pp2/3p2b1/P2P1nBp/1NB4P/1PP2P2/R3QR1K,1,1,0,253
r1bqk1nr/pp1pppbp/2n3p1/1Bp5/4P3/5N2/PPPP1PPP/RNBQR1K1,0,1,0,20
rnbqkbnr/pp2pppp/8/3p4/3P4/8/PP2PPPP/RNBQKBNR,1,1,0,19
8/8/8/3k1K2/8/4P3/8/8,1,0,0,16
8/8/8/8/3K2k1/6N1/3Q4/8,0,0,0,4
r1bq1rk1/pp1pppbp/2n2np1/8/2PN4/2N3P1/PP2PPBP/R1BQ1RK1,0,0,0,29
8/3B4/5k2/p4p2/5P1p/Pb6/1P3KP1/8,0,0,0,625
1r3rk1/pb2q1pp/3ppn2/2p2p2/1PP5/PQ3PP1/1B1RP1BP/R5K1,0,0,0,38
R4nk1/6p1/8/8/P1pN1pbb/8/2B3K1/8,1,0,0,425
r1bqk2r/pppp1ppp/2n2n2/2b1p3/2P1P3/2NP4/PP3PPP/R1BQKBNR,1,1,0,-7
8/5ppk/3r4/7p/R6P/8/5PPK/8,0,0,0,0
rnbqkbnr/pppppppp/8/8/3P4/8/PPP1PPPP/RNBQKBNR,0,1,0,15
8/8/6p1/4p3/6Pk/5K2/5N1p/8,1,0,0,0
8/8/6p1/4p3/6Pk/8/5NKp/8,0,0,0,0
8/8/6p1/4p3/6P1/6k1/5N2/7K,1,0,0,0
8/8/6p1/4p3/6Pk/8/5N2/7K,0,0,0,0
8/8/6p1/4p3/6P1/6k1/5N2/6K1,0,0,0,0
rnbqkbnr/pp1ppppp/8/2p5/4P3/8/PPPP1PPP/RNBQKBNR,1,1,0,25
r5k1/p4pb1/4rnpp/1p2p3/4P1P1/3NBP2/1PP4P/R3K2R,1,1,0,170
8/8/8/8/3K4/5kN1/3Q4/8,1,0,0,4
r5k1/R4pb1/4rnpp/1p2p3/4P1P1/3NBP2/1PP4P/4K2R,0,1,0,160
6k1/5pb1/5npp/1p2p3/4P1P1/3NBP2/1PP4P/r3K2R,1,1,0,164
8/5kp1/6N1/5K2/4N3/8/8/8,0,0,0,22
8/8/6p1/8/4p1P1/6k1/5N2/6K1,1,0,0,0
r1bq1rk1/1pp3bp/n2p1pp1/p1nPp1P1/2P1P3/2N1BN1P/PP2BP2/R2QK2R,1,1,0,45
R4nk1/6p1/P7/5Nb1/8/2p2p2/8/5K2,0,0,0,531
rnbqkb1r/pppp1ppp/4pn2/8/2PP4/5N2/PP2PPPP/RNBQKB1R,0,1,0,11
rnbqkbnr/pp2pppp/8/3p4/3P4/2N5/PP2PPPP/R1BQKBNR,0,1,0,7
8/8/5pk1/6pp/3P4/1r4P1/2R2K1P/8,1,0,0,0
r1bq1rk1/pppnppbp/3p1npB/8/3PP3/5P2/PPPQ2PP/RN2KBNR,1,1,0,80
8/8/6p1/8/4N1P1/6k1/8/6K1,0,0,0,0
4k3/6p1/6N1/5K2/4N3/8/8/8,1,0,0,22
2r1r1k1/5p2/6R1/4NQp1/P7/1q5P/5PP1/4R1K1,0,0,0,15
1q2r2k/3n1Qbp/4p1p1/3bN3/1p4P1/1P5P/rB4BK/2RR4,1,0,0,-1038
3r4/1p4k1/p1bPR3/5p2/2B2P1p/8/PP4P1/4K3,1,0,0,267
7r/p1q1kp2/2p1pp2/2p2B2/8/8/PPPP3P/R1BQR1rK,1,0,0,-6
rnbqkbnr/pp1ppppp/8/2p5/4P3/2P5/PP1P1PPP/RNBQKBNR,0,1,0,0
3r4/4Rbk1/3P4/pp3p2/5P1p/P2B4/1P3KP1/8,1,0,0,504
3r4/4R1k1/3P4/pp1b1p2/5P1p/P2B4/1P3KP1/8,0,0,0,329
3r4/1p3k2/p1bPR3/5p2/2B2P1p/8/PP4P1/4K3,0,0,0,132
7r/1p6/p1bP2k1/4Rp2/5P1p/8/PP4P1/3K1B2,1,0,0,109
3qrk2/p1r2pp1/1p2pb2/nP1bN2Q/3PN3/P6R/5PPP/R5K1,1,0,0,3
2kr1b1r/pp1npppp/2p1bn2/7q/5B2/2NB1Q1P/PPP1N1P1/2KR3R,1,0,0,2
r4n1k/pp2r3/2p1PN1p/3p1P2/8/8/PPPK4/6R1,1,0,0,1
r4n1k/pp2r1p1/2p1PN1R/3p1P2/8/8/PPPK4/6R1,0,0,0,1
rn1qkb1r/1b2pppp/p2p4/1p4P1/3N2Q1/4B3/PPP2P1P/R3KBR1,0,1,0,-56
8/8/2N2k2/8/1p6/p3p3/K7/8,1,0,0,0
2k5/1n3K2/1p2P3/pB6/P7/5r2/5p2/3R4,1,0,0,0
1R6/4qppk/6n1/b2p2Pp/2pP2b1/p1P5/P1B1rPPB/2Q2NK1,1,0,0,132
1R6/4qppk/6n1/b2pB1Pp/2pP2b1/p1P5/P1B1rPP1/2Q2NK1,0,0,0,189
rn2k2r/ppp2p1p/4bp2/8/2p1PP2/2N5/PP4PP/R3KB1R,0,1,0,30
rn2k2r/pp3p1p/2p1bp2/8/2p1PP2/2N5/PP4PP/R3KB1R,1,1,0,36
5k2/6pp/2B2P2/PPR3r1/3P4/7P/6P1/1b4K1,0,0,0,1074
6k1/3q1pp1/6n1/b2p2Pp/2pP2b1/p1P5/P1BQrPPB/1R3NK1,1,0,0,-85
r1b1k2r/pp1n1p1p/2p2p2/5P2/2B1P3/2N5/PP4PP/R3K2R,1,1,0,44
rnbqkb1r/ppp1pppp/5n2/8/2pPP3/2N5/PP3PPP/R1BQKBNR,0,1,0,-18
rn1qkb1r/pbpppp1p/1p3np1/8/3P4/5NP1/PPP1PPBP/RNBQ1RK1,0,1,0,28
rn1qk2r/pbppppbp/1p3np1/8/3P4/5NP1/PPP1PPBP/RNBQ1RK1,1,1,0,49
rnbqkbnr/pp2pppp/3p4/8/3pP3/5N2/PPP2PPP/RNBQKB1R,1,1,0,19
rnbqkb1r/ppp2ppp/8/3pN3/2B1n3/8/PPPP1PPP/RNBQK2R,1,1,0,-40
rn1qk2r/pbppppbp/1p3np1/8/2PP4/5NP1/PP2PPBP/RNBQ1RK1,0,1,0,42
r1bq1rk1/ppp2ppp/1N3n2/3pp3/1PBnP3/P2P4/1BP2PPP/R2QK1NR,0,1,0,-46
r1bq1rk1/pppp1ppp/1b3n2/4p3/1PBnP3/P1NP4/1BP2PPP/R2QK1NR,1,1,0,-50
8/8/8/8/2n5/k7/2p5/KB6,0,0,0,-3
2b5/ppN3pr/6kp/3p4/2n2R2/8/P4PPP/R3B1K1,0,0,0,592
rnbqkbnr/ppp2ppp/4p3/3p4/2PP4/5N2/PP2PPPP/RNBQKB1R,0,1,0,11
rnbqkbnr/ppp2ppp/4p3/3p4/2PP4/8/PP2PPPP/RNBQKBNR,1,1,0,17
rnbqkbnr/ppp1pppp/8/3p4/2PP4/8/PP2PPPP/RNBQKBNR,0,1,0,16
3r4/4Rbk1/3P4/pB3p2/5P1p/P7/1P3KP1/8,0,0,0,494
4Q3/Pq4pk/5p1p/5P1K/6PP/8/8/8,1,0,0,12
r1bqkb1r/1p3ppp/p1n1pn2/2p5/P1BP4/4PN2/1P3PPP/RNBQ1RK1,1,1,0,6
rnbqkb1r/pp1ppppp/5n2/2P5/2P5/8/PP2PPPP/RNBQKBNR,0,1,0,0
rnbqkb1r/pppp1ppp/4pn2/8/2PP4/8/PP2PPPP/RNBQKBNR,1,1,0,14
5rk1/pp1b1ppp/1q2p3/3pP3/1B3Pn1/3B1N2/P2K2PP/RN3Q2,0,0,0,-417
5rk1/pp1b1ppp/1q2p3/3pP3/1B3Pn1/3B1N2/P3Q1PP/RNr1KR2,1,1,0,-417
r1bqk2r/ppp2ppp/2n1pn2/3p4/QbPP4/2N2N2/PP1BPPPP/R3KB1R,0,1,0,0
8/8/8/8/5Q2/4K3/8/6k1,0,0,0,3
r1b2rk1/p4ppp/1pn2q2/3pN3/3P4/8/PP3PPP/R1BQR1K1,0,0,0,0
R4nk1/6p1/8/P4Nb1/2p5/5p2/8/5K2,0,0,0,675
r1bqk2r/ppp2ppp/2np1n2/2b1p3/2B1P3/2NP1N2/PPP2PPP/R1BQK2R,1,1,0,9
r3kb1r/2qbpppp/p1p2n2/2PpN3/Q2P4/8/PP3PPP/RNB1K2R,1,1,0,82
4qrk1/4npp1/4b2p/b2p4/2pP2P1/p1P2QB1/P1B2PP1/1R3NK1,1,0,0,88
rnbqkbnr/pp2pppp/3p4/2p5/2B1P3/2N5/PPPP1PPP/R1BQK1NR,0,1,0,4
rn1r2k1/ppp2ppp/3q1n2/4b1B1/4P1b1/1BP1Q3/PP3PPP/RN2K1NR,0,1,0,-2
r4rk1/1b4pp/2pR4/1p2q3/nP2P3/6P1/1N2Q1BP/3R2K1,1,0,0,21
k1B5/2K5/8/3N4/8/8/8/8,0,0,0,3
4k3/8/8/8/8/8/8/4KBN1,1,0,0,28
2k3r1/3r4/p1R5/2pN1p2/2pP4/2P3P1/P2q1P1P/1R4K1,0,0,0,2
r3k3/1p2p3/p1n1pnpr/4p2p/7P/1NN5/PPP2PP1/2KR2R1,1,1,0,130
6k1/5pp1/6n1/6P1/2p3bp/R3b3/P1B1N1P1/5K2,0,0,0,232
2B5/k1K5/8/3N4/8/8/8/8,1,0,0,3
rnbqkb1r/p3pppp/2p2n2/1p6/P1pP4/4PN2/1P3PPP/RNBQKB1R,1,1,0,44
8/8/5pk1/6pp/3P4/1r4P1/3R1K1P/8,0,0,0,0
r2k2r1/pppb1p1p/2pn4/8/3B4/8/PPP2PPP/2KR1B1R,1,0,0,149
4k2r/pp3ppp/2qrpn2/3P4/5Q2/2PB3P/P4PP1/2R2RK1,0,0,0,-17
3r4/1p4k1/p1bPR3/5p2/2B2P1p/8/PP3KP1/8,0,0,0,296
r1b2rk1/1pp3bp/n2p1qp1/p1nPp3/2P1P3/2N1BN1P/PP2BP2/R2QK2R,1,1,0,18
r1bq1rk1/pp2bppp/2n1pn2/6B1/2BP4/2N2N2/PP3PPP/R2QK2R,1,1,0,-10
r2q1rk1/ppp3bp/n2p1n2/3P1b2/1PP1N3/1QN1B2P/P3BP2/2KR3R,1,0,0,260
r1bqkbnr/pppp1ppp/2n5/4p3/4P3/3P4/PPP2PPP/RNBQKBNR,1,1,0,-4
3k4/3P4/1p2K3/p7/P7/3r4/5p2/7R,0,0,0,-591
3r4/4Rb2/3P1k2/pB3p2/5P1p/P7/1P3KP1/8,1,0,0,494
8/8/8/8/5Q2/4K3/8/7k,1,0,0,3
rnbqkb1r/ppp1pppp/3p1n2/8/4P3/5N2/PPPP1PPP/RNBQKB1R,1,1,0,30
rnbqkb1r/ppp2ppp/3p4/8/4n3/3P1N2/PPP2PPP/RNBQKB1R,0,1,0,17
rnbqkb1r/pp2pppp/5n2/3p4/3P4/2N5/PP2PPPP/R1BQKBNR,1,1,0,26
r1bq1rk1/pppnppbp/3p1npB/8/3PP2P/5P2/PPPQ2P1/RN2KBNR,0,1,0,28
3rk2r/pp2bpp1/1np1p2p/1q2P2P/5P2/2P3N1/PP1BQ1P1/R4RK1,1,1,0,9
R4nk1/6p1/P7/5Nb1/8/5p2/2p5/5K2,1,0,0,487
r3r1k1/ppp2pbp/2n3p1/4Pb2/8/1NP2N2/PP3PPP/R1B1R1K1,0,0,0,-16
5rk1/3qnpp1/8/b2p2Pp/2pP1Bb1/p1P3Q1/P1B2PP1/1R3NK1,1,0,0,-23
1q2r1k1/5pbp/4pnp1/2NbN3/1p3QP1/1P5P/rBR3BK/3R4,0,0,0,-553
rnbqkbnr/pppp1ppp/8/4p3/4P3/3P4/PPP2PPP/RNBQKBNR,0,1,0,0
R4nk1/6p1/8/5N2/P1p4b/5p2/8/5K2,0,0,0,602
8/8/8/8/8/4kp2/8/4K3,0,0,0,0
rnbqkbnr/ppp1pppp/8/3p4/3P4/2N5/PPP1PPPP/R1BQKBNR,0,1,0,-7
rnbqkb1r/1p2pppp/p2p1n2/8/3NP3/2N2P2/PPP3PP/R1BQKB1R,0,1,0,13
r2qkb1r/pp1n1p1p/3p1np1/2pP4/Q3P1b1/2N5/PP1N1PPP/R1B1KB1R,0,1,0,141
5k2/6pp/2B5/PPR2Pr1/3P4/7P/6P1/1b4K1,1,0,0,1827
1R6/5ppk/4q1n1/b2pB1Pp/2pP2b1/p1P5/P1B1rPP1/2Q2NK1,1,0,0,235
1k4r1/1bp5/p2p2pp/Nq2r3/1P5P/2Q5/5PP1/3R1RK1,0,0,0,-104
B3Q3/1q4pk/5p1p/5P1K/6PP/8/8/8,0,0,0,11
8/8/8/2N5/8/K3kp2/8/8,0,0,0,-15
rnbq1rk1/ppp1bppp/4p3/3p4/2PP4/5NP1/PPQnPPBP/RN3RK1,1,0,0,60
rnb1r1k1/ppp2pbp/5np1/4p1B1/2P1P3/2N2N2/PP2BPPP/2KR3R,0,0,0,0
r1b2rk1/3nppbp/p2p2p1/Qpp5/2nPP3/5P2/PP2N1PP/1KR2B1R,1,0,0,-51
8/8/8/3k1K2/4P3/8/8/8,0,0,0,15
8/8/2N5/5k2/1p2p3/p7/K7/8,1,0,0,0
rnbq1rk1/pp1pppbp/5np1/2p3B1/3P4/3BPN2/PPP2PPP/RN1QK2R,1,1,0,0
Q7/6p1/1n2k3/4N3/8/5p2/8/2b2K2,0,0,0,-534
4r1k1/6b1/p3p3/1p1pP2r/2pP2RN/2P5/PP5R/7K,1,0,0,30
8/1p6/p1bR1rk1/2P1Rp1r/5P1p/8/PP4P1/3K1B2,0,0,0,62
r1bqk2r/p2p2pp/2pNpn2/8/1bP2P2/4B3/PP2K1PP/R2Q1B1R,0,1,0,41
r1bq1rk1/pppn1pbp/3p1npB/4p3/3PP2P/5P2/PPPQ2P1/RN2KBNR,1,1,0,48
r1bqkb1r/pp1n1ppp/2p1pn2/8/2BPN3/5N2/PPP2PPP/R1BQK2R,1,1,0,67
r1bqk2r/pp1pppbp/2n2np1/1Bp5/4P3/5N2/PPPP1PPP/RNBQR1K1,1,1,0,32
2rqkb1r/pp2pppp/2n2nb1/1BppN3/6P1/1P2P2P/PBPP1P2/RN1QK2R,1,1,0,82
8/2k5/4R3/2K5/8/8/8/8,0,0,0,7
r1b1k2r/p2n1ppp/1p2p3/q2pP3/N2p1P2/8/P2N2PP/R2QKB1R,1,1,0,103
rnbqkb1r/pp2pp1p/6p1/2pp4/3Pn3/1P1BPN2/P1P2PPP/RNBQK2R,1,1,0,14
2k1qr2/p1p2p1p/1R6/2n1N3/7P/P1P2QP1/4PP2/1R4K1,0,0,0,19
8/R7/1p3b2/4k3/5p2/8/PP5P/1K6,1,0,0,575
rnbqkbnr/pp3ppp/4p3/2ppP3/3P4/2N2N2/PPP2PPP/R1BQKB1R,1,1,0,67
rnbqkbnr/pppp1ppp/4p3/8/4P3/8/PPPP1PPP/RNBQKBNR,1,1,0,22
rnbqkb1r/p3pppp/2p2n2/1p6/P1pP4/1P2PN2/5PPP/RNBQKB1R,0,1,0,37
k7/8/1K6/1P6/8/8/8/8,0,0,0,14
8/8/5p2/5kpp/3P4/1r4P1/3R1K1P/8,1,0,0,0
8/5b2/2Rr1k2/pB3p2/5P1p/P7/1P3KP1/8,0,0,0,570
5bk1/5p2/5np1/1p2p2p/4P1P1/1P2BP1P/2P1K3/1rN4R,0,0,0,167
r2qr2k/5pp1/p2pb2p/nppN4/4PQ2/1BP3RP/PP3PP1/R5K1,0,0,0,0
B3Q3/6pk/5p1p/5P1K/6PP/1q6/8/8,1,0,0,11
8/8/8/2N5/8/K3k3/5p2/8,1,0,0,-13
8/2k5/8/3pK3/3P4/8/8/8,1,0,0,0
1Rr2nk1/2P2p1p/3B4/4pbp1/p3B3/6P1/4PP1P/6K1,0,0,0,592
r1b2rk1/pp3p1p/1q2p1p1/2npP1N1/8/8/PPQ2PPP/R3RBK1,1,0,0,46
r1b2rk1/pp1pqppp/2nbpn2/1N6/4P3/2N5/PPP2PPP/R2QKB1R,1,1,0,34
rnbqkbnr/pppp1ppp/8/4p3/4P3/8/PPPP1PPP/RNBQKBNR,1,1,0,22
7r/1p4k1/p1bP4/5p1p/5P2/3B4/PP4P1/3KR3,0,0,0,3
r4r1k/ppn1NBpp/4b3/4P3/3p1R2/1P6/P1P3PP/R5K1,1,0,0,2
2kr1b1r/pp1npppp/2Q1bn2/7q/5B2/2NB3P/PPP1N1P1/2KR3R,0,0,0,1
rnb1k2r/ppp2ppp/5n2/8/2pbP3/2N1B3/PP3PPP/R3KB1R,1,1,0,41
4r1k1/6b1/p3p3/1p1pP2r/2pP2RN/2P5/PP4R1/7K,0,0,0,0
8/3k4/4R3/2K5/8/8/8/8,1,0,0,7
q5k1/5pp1/8/1pb1P3/2p4p/2P4r/1P3PQ1/1N3RK1,0,0,0,-12
r2q1rk1/1p4bp/1n1pbn2/2p1p1B1/2P2pPN/pPNP3P/P1BQ1P2/2KR2R1,0,0,0,47
1k6/8/1K6/1P6/8/8/8/8,1,0,0,14
rn3rk1/p5pp/2p5/3Ppb2/2q5/1Q6/PPPB2PP/R3K1NR,0,1,0,-3
4k2r/pp3ppp/2q1pn2/3r4/5Q2/2PB3P/P4PP1/2R2RK1,1,0,0,0
r5k1/ppp2p1p/6pB/4n2n/3bPp2/2NB2qP/PPP3P1/R2Q1R1K,0,0,0,191
5bk1/5p2/5np1/1p2p2p/4P1P1/1P2BP1P/1rP1K3/2N4R,1,0,0,207
8/2k5/8/3K4/3P4/8/8/8,0,0,0,0
8/8/3k4/5K2/4P3/8/8/8,1,0,0,15
8/6k1/5rp1/8/5PPp/4R2P/6K1/8,1,0,0,259
rnbqkb1r/pppppppp/5n2/8/3P4/8/PPP1PPPP/RNBQKBNR,1,1,0,15
7k/7p/8/6N1/8/8/8/6RK,1,0,0,1
r1bqk2r/pp2bppp/2n1pn2/3p2B1/2PP4/2NB1N2/PP3PPP/R2QK2R,0,1,0,-25
4k3/6p1/3N2N1/5K2/8/8/8/8,0,0,0,0
2kr1b1r/p2npppp/2p1bn2/7q/5B2/2NB3P/PPP1N1P1/2KR3R,1,0,0,1
8/8/8/8/6Q1/4K3/8/7k,0,0,0,2
1k6/8/K7/1P6/8/8/8/8,0,0,0,13
8/3k2p1/3N2N1/5K2/8/8/8/8,1,0,0,0
rnbqkb1r/pp2pp1p/6p1/2pp4/3Pn3/1P1BPN2/PBP2PPP/RN1QK2R,0,1,0,11
8/R4p1k/3r2p1/7p/7P/8/5PPK/8,0,0,0,0
r3k2r/1p2pp2/p1npbnpb/6Qp/2B1P2P/1NN5/PPP2PP1/2KR2R1,1,1,0,124
4r1k1/3q2P1/6Q1/8/6p1/6Pp/7P/5R1K,1,0,0,27
8/8/3k4/4PK2/8/8/8/8,0,0,0,0
rnbqkb1r/pp1p1ppp/4pn2/2P5/2P5/8/PP2PPPP/RNBQKBNR,1,1,0,3
2rqkb1r/pp2pppp/2n2nb1/1BppN3/6PP/1P2P3/PBPP1P2/RN1QK2R,0,1,0,88
8/2k5/K7/1P6/8/8/8/8,1,0,0,13
3r4/1p4k1/p1bP4/5p1p/5P2/3B4/PP4P1/3KR3,1,0,0,4
8/3k4/8/3K4/3P4/8/8/8,1,0,0,0
8/8/8/8/6Q1/4K3/7k/8,1,0,0,2
r1b2rk1/pp3p1p/1q2p1p1/2npP1N1/8/4R3/PPQ2PPP/R4BK1,0,0,0,0
r1q1r1k1/p1pb1pp1/2p1pn1p/4N3/Q1B1P3/B7/P4PPP/3R1RK1,1,0,0,662
rnbqkb1r/p3pppp/2p2n2/8/p1pP4/1P2PN2/5PPP/RNBQKB1R,1,1,0,121
rnbqkbnr/pppp1ppp/8/4p3/4P3/2N5/PPPP1PPP/R1BQKBNR,0,1,0,8
8/8/8/5k2/1N2p3/p7/K7/8,0,0,0,0
r1bq1rk1/p2nbppp/1pp1pn2/3p4/2PP4/5NP1/PPQ1PPBP/RNBR2K1,1,0,0,25
r1bqkb1r/ppp2pp1/5n1p/n2Pp1N1/2B5/3P4/PPP2PPP/RNBQK2R,1,1,0,-49
2kr4/3p4/8/8/5B2/8/8/5BK1,1,0,0,1
5k2/6Pp/2B5/PPR5/3P4/6rP/6P1/1b4K1,0,0,0,831
8/3B4/6k1/p4p2/5P1p/Pb6/1P4P1/6K1,0,0,0,731
3rqrk1/p1p2ppp/2P2n2/8/1b4b1/2N5/PPP1BPPP/R1BQ1RK1,1,0,0,-108
4r1k1/3q1pp1/6n1/b2p2Pp/2pP2b1/p1P1Q3/P1B2PPB/1R3NK1,1,0,0,-30
8/6k1/2r3p1/8/6Pp/4R2P/5PK1/8,1,0,0,10
r1b2rk1/3nppbp/p2p2p1/Qpp5/2RPP3/5P2/PP2N1PP/1K3B1R,0,0,0,-56
8/Pq4pk/5pQp/5P1K/6PP/8/8/8,0,0,0,13
3rk2r/pp2bpp1/1np1p2p/1Q2P2P/5P2/2P3N1/PP1B2P1/R4RK1,0,1,0,10
8/3k4/8/8/2KP4/8/8/8,0,0,0,0
rnbqkbnr/pppp1ppp/4p3/3P4/8/8/PPP1PPPP/RNBQKBNR,0,1,0,-61
8/8/8/8/6Q1/5K2/7k/8,0,0,0,1
5N2/1p6/5p1k/p2ppbp1/P2PP3/5PKP/6P1/8,0,0,0,-258
r1bqkbnr/ppp1pppp/2n5/3p4/3P1B2/8/PPP1PPPP/RN1QKBNR,1,1,0,30
2k1rb1r/ppp3pp/2n2q2/3B1b2/5P2/2P1BQ2/PP1N1P1P/2KR3R,0,0,0,-2
8/6k1/2r3p1/8/5PPp/4R2P/6K1/8,0,0,0,11
8/8/8/8/8/KN2k3/5p2/8,0,0,0,-13
2R2nk1/2P2p1p/3B4/4p1p1/p3b3/6P1/4PP1P/6K1,0,0,0,1169
r3r1k1/ppp2p1p/2n3p1/4bb2/8/1NP2N2/PP3PPP/R1B1R1K1,1,0,0,-19
r1bqk2r/ppp2pp1/2np1n1p/2b1p3/2B1P2B/2NP1N2/PPP2PPP/R2QK2R,0,1,0,-27
8/3k4/8/2K5/8/4R3/8/8,0,0,0,6
8/8/8/8/4k3/5p2/8/4K3,1,0,0,0
2rr2k1/5ppp/pb2p3/1p2P3/1P2bPnq/P1N3P1/1B2Q2P/R4R1K,1,0,0,-104
r1b2rk1/pp3p2/1q2p1pp/2npP1N1/8/4R3/PPQ2PPP/R4BK1,1,0,0,0
6k1/4r1b1/p3p3/1p1pP2r/2pP2RN/2P5/PP4R1/7K,1,0,0,25
r1bq1rk1/pp1pppbp/5np1/8/2PQ4/2N3P1/PP2PPBP/R1B2RK1,0,0,0,36
r2q1rk1/1ppb1pbp/n2p2p1/p1nPp3/2P1P1P1/2N1B2P/PP1NBP2/R2QK1R1,0,1,0,-27
7k/Pq4p1/5pQp/5P1K/6PP/8/8/8,1,0,0,13
Q7/3n2p1/4k3/4N3/8/5p2/8/2b2K2,1,0,0,39
rnbqkb1r/ppp1pppp/3p1n2/8/4P3/2N2N2/PPPP1PPP/R1BQKB1R,0,1,0,34
8/8/8/8/8/KN2k3/8/5q2,1,0,0,-13
rnbqkbnr/pppp1ppp/8/3p4/8/8/PPP1PPPP/RNBQKBNR,1,1,0,-66
r1bqk2r/pppp1ppp/2n2n2/2b1p3/2B1P3/2NP3P/PPP2PP1/R1BQK1NR,0,1,0,6
8/8/8/8/6Q1/5K2/8/7k,1,0,0,1
r1bq1rk1/1p2bppp/p1n1p3/3n4/2BP4/2N2N2/PP3PPP/R1BQR1K1,1,0,0,35
r1bqkb1r/pp2pp1p/2n3p1/2pp4/3Pn3/1P1BPN2/PBP2PPP/RN1QK2R,1,1,0,28
r1nq1rk1/1p4bp/3pbn2/2p1p1B1/2P2pPN/pPNP3P/P1BQ1P2/2KR2R1,1,0,0,117
8/8/8/8/3K1Q2/5kN1/8/8,0,0,0,0
r2qnrk1/bp1b4/p1ppn2p/2P1ppp1/1PN5/P2P2P1/1B1NPPBP/2RQ1RK1,0,0,0,214
1R6/5ppk/6n1/b2pq1Pp/2p3b1/p1P3N1/P1B2PP1/2Q3K1,1,0,0,88
3r4/1p2R1k1/p1bP4/5p1p/5P2/3B4/PP4P1/3K4,0,0,0,1
8/8/2k5/8/2KP4/8/8/8,1,0,0,0
r1b1k2r/p2n1ppp/1p2p3/q2pP3/N2p1P2/3B4/P2N2PP/R2QK2R,0,1,0,107
r7/p4kp1/1pn4p/3R4/P4b2/1Q4P1/5P1P/4qBK1,0,0,0,0
r1bqkb1r/ppp2pp1/5n1p/n2Pp3/2B5/3P1N2/PPP2PPP/RNBQK2R,0,1,0,-16
8/2k5/8/2K5/8/4R3/8/8,1,0,0,6
8/1p6/p1bR1rk1/2P1Rp1r/5P1p/3B4/PP4P1/3K4,1,0,0,345
8/p5p1/3kp1p1/PPp1np2/2P1p3/2K1P2P/4BPP1/8,0,0,0,0
3rk2r/pp2bpp1/1n2p2p/1p2P2P/5P2/2P3N1/PP1B2P1/R4RK1,1,1,0,8
r1b1k2r/1p2pp2/p1np1npb/6Qp/2B1P2P/1NN5/PPP2PP1/2KR2R1,0,1,0,6
8/8/3k1K2/8/4P3/8/8/8,0,0,0,14
2r1bN1k/p5p1/1pB5/5R2/2P5/P2Pb1PP/1B5K/R7,0,0,0,590
1k4r1/1Np5/p2p2pp/1q2r3/7P/1PQ5/5PP1/3R1RK1,0,0,0,-49
r2q1rk1/ppp3bp/n2p1N2/3P1b2/1PP5/1QN1B2P/P3BP2/2KR3R,0,0,0,138
2k1rb1r/ppp3pp/2n5/3B1b2/5P2/2q1BQ2/PP1N1P1P/2KR3R,1,0,0,-1
8/K1k5/8/1P6/8/8/8/8,0,0,0,12
r1bqkbnr/ppp1pppp/2n5/3p4/3P1B2/4P3/PPP2PPP/RN1QKBNR,0,1,0,35
rnbqkb1r/pppppppp/5n2/8/3P4/5N2/PPP1PPPP/RNBQKB1R,0,1,0,11
r1bqkbnr/pppp1ppp/2n5/4p3/4P3/2N2N2/PPPP1PPP/R1BQKB1R,0,1,0,6
8/8/8/8/1N2pk2/p7/K7/8,1,0,0,0
r3k1nr/pppb3p/2nb1pp1/1B1N4/3pqP1Q/1P6/PBPPN1PP/R3K2R,1,1,0,-30
rnbqkb1r/pp1p1ppp/4pn2/2P5/1PP5/8/P3PPPP/RNBQKBNR,0,1,0,-37
8/8/8/8/1K6/1N2k3/8/5q2,0,0,0,-12
6k1/4r1b1/p3p3/1p1pP2r/2pP2RN/2P5/PP4R1/6K1,0,0,0,18
8/8/2k5/3P4/2K5/8/8/8,0,0,0,0
rnbqkbnr/pppp1ppp/8/3Q4/8/8/PPP1PPPP/RNB1KBNR,0,1,0,-65
r1b1r1k1/ppp2pbp/n4np1/4p1B1/2P1P3/2N2N2/PP2BPPP/2KR3R,1,0,0,3
r2qk2r/3n2p1/1pp1pP2/3p2b1/P2P1nBp/1NB4P/1PP2P2/R3QR1K,0,1,0,25
rnbqkb1r/p3pppp/2p2n2/8/p1PP4/4PN2/5PPP/RNBQKB1R,0,1,0,121
rnbqkb1r/ppp2ppp/5n2/4p3/2pPP3/2N5/PP3PPP/R1BQKBNR,1,1,0,-22
r1bqk2r/pp2bppp/2n1pn2/6B1/2BP4/2N2N2/PP3PPP/R2QK2R,0,1,0,-23
r1bqk2r/pppp1ppp/5n2/n1b1p3/2B1P3/2NP3P/PPP2PP1/R1BQK1NR,1,1,0,13
1q2r1k1/5pbp/4pnp1/2NbN3/1p3QP1/1P5P/1rR3BK/3R4,1,0,0,-546
2r2k1r/1p2pp2/p2pb1p1/6Pp/3RPP2/2N1n3/PPP1B1P1/2K2R2,1,0,0,25
2k1rb1r/ppp3pp/2n5/3B1b2/5P2/2P1BQ2/P2N1P1P/2KR3R,0,0,0,-1
r1bqkbnr/pppp1ppp/2n5/4p3/4P3/5N2/PPPP1PPP/RNBQKB1R,1,1,0,21
r1bqk1nr/pppn1pbp/3p2p1/4p3/3P4/4PN1P/PPP2PPB/RN1QKB1R,0,1,0,0
2rqkb1r/pp2ppp1/2n2nbp/1BppN3/6PP/1P2P3/PBPP1P2/RN1QK2R,1,1,0,134
r2q1r1k/1ppb2bp/n2p4/2nPpp2/p1P1P3/P1N1B2P/1PQNBP2/R3K1R1,1,1,0,-7
3k4/7R/p2P4/2p1b3/8/2P3rB/P4r2/1K2R3,1,0,0,789
rnbqk1nr/1p3ppp/p2b4/3p4/2pP4/2P2N2/PPB2PPP/RNBQK2R,1,1,0,34
r2q1rk1/pb1nbppp/1pp1pn2/3p4/2PPP3/5NP1/PPQN1PBP/R1BR2K1,0,0,0,26
8/8/3k4/3P4/2K5/8/8/8,1,0,0,0
rnbqkbnr/pppp1ppp/8/8/2B1Pp2/8/PPPP2PP/RNBQK1NR,0,1,0,-61
8/p5p1/3kp3/PPp1npp1/2P1p3/2K1P2P/4BPP1/8,1,0,0,0
1k4r1/1qp5/p2p2pp/4r3/7P/1PQ5/5PP1/3R1RK1,1,0,0,-53
r1b2rk1/pp3N2/1q2p1pp/2npP3/8/4R3/PPQ2PPP/R4BK1,0,0,0,0
3r4/1p2R3/p1bP1k2/5p1p/5P2/3B4/PP4P1/3K4,1,0,0,7
r3r1k1/ppp2p1p/2n3p1/4bb2/8/1NP1BN2/PP3PPP/R3R1K1,0,0,0,-19
r7/p3k1p1/1pn4p/3R4/P4b2/1Q4P1/5P1P/4qBK1,1,0,0,0
1kr2r2/ppp4p/3pb1p1/1q2p3/3bPP2/6P1/PPP3BP/1KBRQR2,1,0,0,-36
8/6k1/6p1/8/2r2PPp/4R2P/6K1/8,1,0,0,0
r4r1k/ppn2Bpp/4b1N1/4P3/3p1R2/1P6/P1P3PP/R5K1,0,0,0,1
r1bq1rk1/pp2ppbp/3p1np1/8/2P5/2NQ2P1/PP2PPBP/R1B2RK1,0,0,0,46
rnbqkb1r/pppp1ppp/5n2/3Q4/8/8/PPP1PPPP/RNB1KBNR,1,1,0,-53
r1bqkb1r/ppp1pppp/2n2n2/3p4/3P1B2/4P3/PPP2PPP/RN1QKBNR,1,1,0,35
8/8/8/8/1K6/1N2k3/8/1q6,1,0,0,-12
5N2/1p6/5p1k/p3pbp1/P2PP3/6KP/6P1/8,0,0,0,-402
6k1/5rb1/p3p3/1p1pP2r/2pP2RN/2P5/PP4R1/6K1,1,0,0,29
rnbqkb1r/pppp1ppp/4pn2/8/3P4/5N2/PPP1PPPP/RNBQKB1R,1,1,0,14
r2q1rk1/pb1nbppp/1pp1pn2/8/2PPp3/5NP1/PPQN1PBP/R1BR2K1,1,0,0,49
3r4/pp4pk/7p/8/1B1n4/P4R2/5PPP/2R3K1,1,0,0,577
7r/p1q1kp2/2p1pp2/2p2B2/8/8/PPPP3P/R1BQR1K1,0,0,0,-6
8/8/3k4/3P4/3K4/8/8/8,0,0,0,0
8/1pB5/p1p5/5k2/PP4p1/2PK3r/8/8,1,0,0,-673
n7/6p1/4k3/4N3/8/5p2/8/2b2K2,1,0,0,-624
8/5ppk/6n1/1R1p2Pp/2p3b1/p1b1P1N1/P1B3P1/6K1,0,0,0,90
1r2kb1r/pBpn1ppp/4p3/5b2/Q1pq4/6P1/PP1NPP1P/R1B2RK1,1,1,0,289
8/2k5/8/2K5/8/3R4/8/8,0,0,0,5
r1bq1rk1/ppp2pp1/2np1n1p/2b1p3/2B1P2B/2NP1N2/PPP2PPP/R2QK2R,1,1,0,15
8/8/8/8/4pk2/p7/K1N5/8,0,0,0,0
8/6k1/6p1/8/2r2PPp/4RK1P/8/8,0,0,0,13
2r1r2k/8/7Q/4N1p1/P7/1q5P/5PP1/4R1K1,0,0,0,13
rnbqkbnr/1p3ppp/p7/2pp4/3P4/2P2N2/PP3PPP/RNBQKB1R,1,1,0,34
r4r1k/ppn2Bp1/4b1p1/4P3/3p1R2/1P6/P1P3PP/R5K1,1,0,0,1
8/8/8/8/2K5/1N2k3/8/1q6,0,0,0,-12
r1b2r2/pp3k2/1q2p1pp/2npP3/8/4R3/PPQ2PPP/R4BK1,1,0,0,0
r2qnrk1/bp1b4/p1p1n2p/2p1ppp1/1PN5/P2P2P1/1B1NPPBP/2RQ1RK1,1,0,0,225
8/3k4/5K2/8/4P3/8/8/8,1,0,0,14
r1bqk1nr/ppp1bppp/2n1p3/3p4/3P1B2/2P1PN2/PP3PPP/RN1QKB1R,1,1,0,62
8/3k4/8/3P4/3K4/8/8/8,1,0,0,0
5rk1/pp1b1ppp/1q2p3/3pP3/1B3Pn1/3B1N2/P2KQ1PP/RNr2R2,0,0,0,-481
r1bq1k1r/ppp1npb1/2n2Bpp/3Np3/2P1P3/5N2/PP3PPP/R2QKB1R,1,0,0,75
1k4r1/1qp5/p2p2pp/4r3/3R3P/1PQ5/5PP1/5RK1,0,0,0,-30
8/3b1k2/1p2Np2/p2Pp1P1/4P3/6P1/5K2/8,1,0,0,-182
8/1k6/8/2K5/8/3R4/8/8,1,0,0,5
2rqkb1r/pp2p1p1/2n2npp/1Bpp4/6PP/1P2P3/PBPP1P2/RN1QK2R,1,1,0,127
r1bqk2r/2p1bppp/p1np1n2/1p2p3/4P3/1BPP1N2/PP3PPP/RNBQK2R,1,1,0,18
3r4/6k1/2bPR3/pp3p2/5P1p/P2B4/1P3KP1/8,0,0,0,346
3r4/1p6/p1bP1k2/4Rp1p/5P2/3B4/PP4P1/3K4,0,0,0,8
r1b2rk1/1p2bppp/p1nppn2/q7/2P1P3/N1N1B3/PP2BPPP/R2Q1RK1,0,0,0,29
r1bq1rk1/pp3ppp/2n1pn2/2pp4/3P4/2PBPNP1/PP1N1PP1/R2QK2R,0,1,0,30
rnbqkbnr/pp3ppp/8/2pp4/3P4/2P2N2/PP3PPP/RNBQKB1R,0,1,0,17
rnbqkbnr/ppp2ppp/8/3p4/2B1Pp2/8/PPPP2PP/RNBQK1NR,1,1,0,-27
r2qk2r/6p1/1pp1pn2/3p2b1/P2P1nBp/1NB4P/1PP2P2/R3QR1K,1,1,0,26
q7/6Q1/2p2p1P/3p1kp1/PP2bPB1/7P/5K2/8,0,0,0,1
r1bq1rk1/1p2bppp/p1n1p3/3n4/3P4/1BN2N2/PP3PPP/R1BQR1K1,0,0,0,25
7K/8/1Q6/8/8/8/1pk5/8,1,0,0,22
8/8/8/8/2K5/1N2k3/2q5/8,1,0,0,-10
r1bqkbnr/pppp1ppp/2n5/1B2p3/4P3/5N2/PPPP1PPP/RNBQK2R,0,1,0,15
r1b2r2/pp3k2/1q2p1pp/2npP3/8/5R2/PPQ2PPP/R4BK1,0,0,0,0
3rqrk1/p1p2ppp/2P2n2/8/1b4b1/2N5/PPP1BPPP/R1B1QRK1,0,0,0,-298
2r2k1r/1p2pp2/p2pb1p1/6Pp/3RPP2/2N1nR2/PPP1B1P1/2K5,0,0,0,22
8/3k4/5K2/4P3/8/8/8/8,0,0,0,13
8/1P4kp/8/PB6/3P4/7P/6P1/1b4K1,0,0,0,10
6k1/5rb1/p3p3/1p1pP2r/2pP2R1/2P2N2/PP4R1/6K1,0,0,0,20
8/p5p1/P2kp3/1Pp1n1p1/2P1pp2/2K1P1PP/4BP2/8,0,0,0,0
r1bqkb1r/ppp1pppp/2n2n2/3p4/3P1B2/4PN2/PPP2PPP/RN1QKB1R,0,1,0,18
8/8/5p2/3P1kpp/8/1r4P1/3R1K1P/8,0,0,0,0
r1b2rk1/3nppbp/p2p2p1/Q1p5/2pPP3/5P2/PP2N1PP/1K3B1R,1,0,0,-86
2b2nk1/2P2p1p/3B4/4p1p1/p3p3/6P1/4PPBP/6K1,1,0,0,129
rnbqkbnr/ppp2ppp/8/3B4/4Pp2/8/PPPP2PP/RNBQK1NR,0,1,0,-42
6k1/8/6K1/6P1/8/8/8/8,1,0,0,14
r1b2r2/pp4k1/1q2p1pp/2npP3/8/5R2/PPQ2PPP/R4BK1,1,0,0,0
8/8/8/8/1K6/1N2k3/2q5/8,0,0,0,-10
r1bqkb1r/ppp2pp1/5n1p/3Pp3/2n5/3P1N2/PPP2PPP/RNBQK2R,1,1,0,0
rnbqkb1r/pppp1ppp/5n2/8/8/5Q2/PPP1PPPP/RNB1KBNR,0,1,0,-98
8/1P4kp/8/PB6/3Pb3/7P/6P1/6K1,1,0,0,8
8/1p4pk/7p/p2r4/1B1n4/P3R2P/5PP1/2R3K1,1,0,0,583
r2q1rk1/pb1nbpp1/1pp1pn1p/8/2PPNB2/5NP1/PPQ2PBP/R2R2K1,0,0,0,82
8/p5p1/3kp3/PPp1n1p1/2P1pp2/2K1P1PP/4BP2/8,1,0,0,408
2rr2k1/5ppp/pb2p3/1p2P3/1P2NPnq/P5P1/1B2Q2P/R4R1K,0,0,0,-129
rn2k1nr/ppp2ppp/3b4/3P4/5pbq/2N2N2/PPPPK1PP/R1BQ1B1R,1,1,0,-141
1R6/5ppk/4q1n1/b2pB1Pp/2pP2b1/p1P3N1/P1B1rPP1/2Q3K1,0,0,0,78
rnb1kb1r/ppp2ppp/8/4P3/2p1P1n1/2N5/PP3PPP/R1BK1BNR,1,1,0,-72
r1br2k1/1p2bppp/p1nppn2/q7/2P1P3/N1N1B3/PP2BPPP/R2Q1RK1,1,0,0,23
3r4/1p1b4/p2P1k2/4Rp1p/5P2/3B4/PP4P1/3K4,1,0,0,5
4k3/8/5K2/4P3/8/8/8/8,1,0,0,13
rnb1kbnr/ppp2ppp/8/3B4/4Pp1q/8/PPPP2PP/RNBQK1NR,1,1,0,-25
2r1r2k/8/8/4N1pQ/P7/1q5P/5PP1/4R1K1,0,0,0,14
8/1p4pk/7p/p1Rr4/1B1n4/P3R2P/5PP1/6K1,0,0,0,632
r1b1k2r/1p2ppb1/p1np1np1/6qp/2B1P3/1NN5/PPPQ1PPP/2KR2R1,1,1,0,17
2k5/6R1/p2P4/2p1b3/8/2P4r/P4r2/1K2R3,1,0,0,-448
5n2/P4k2/6p1/3N4/8/5p2/8/2b2K2,0,0,0,601
2r2k1r/1p2pp2/p2pb1p1/6Pp/3RPP2/2N2R2/PPP1B1n1/2K5,1,0,0,41
8/4k3/8/3PK3/8/8/8/8,1,0,0,0
1br1rnk1/4q1p1/p1p1pnp1/1pPpNp2/PP1P1P2/4P1P1/1BQ1B2P/2R2RK1,1,0,0,95
rnbqkb1r/ppp1pp2/3p1np1/7p/3PP2P/2N5/PPP2PP1/R1BQKBNR,1,1,0,50
8/6p1/6k1/4K1N1/8/8/8/8,1,0,0,0
rnbqkb1r/1p1p1ppp/4pn2/p1P5/1PP5/8/P3PPPP/RNBQKBNR,1,1,0,-46
r1bqkb1r/pp1n1ppp/2p1pn2/8/2BPN3/5N2/PPP1QPPP/R1B1K2R,0,1,0,51
3rk2r/pp2bpp1/1np1p2p/q3P2P/5P2/2PQ2N1/PP1B2P1/R4RK1,1,1,0,10
r2q1rk1/1ppb1pbp/n2p2p1/p1nPp3/2P1P1P1/2N1BN1P/PP2BP2/R2QK1R1,1,1,0,12
8/8/8/8/1K2q3/1N2k3/8/8,1,0,0,-12
r1bqkb1r/1p1npppp/p4n2/3P4/8/2N2N2/PP1P1PPP/R1BQKB1R,1,1,0,35
6k1/1p1b3p/2pp2p1/p7/2Pb2Pq/1P1PpK2/P1N3RP/1RQ5,0,0,0,-4
rnbqk2r/pp3ppp/4pn2/1Bbp4/8/2N1PN2/PPP2PPP/R1BQK2R,0,1,0,-65
rnbqkb1r/ppp2ppp/5n2/3p4/8/5Q2/PPP1PPPP/RNB1KBNR,1,1,0,-109
r3r1k1/ppp2p1p/2nb2p1/5b2/8/1NP1BN2/PP3PPP/R3R1K1,1,0,0,-30
2rqk2r/3bbpp1/p2p1n1p/1p1NpP2/4P3/1N1Q2P1/PPP4P/1K1R1B1R,0,1,0,-14
2r1Q1k1/5ppp/8/8/8/8/5PPP/4R1K1,0,0,0,1
4k3/8/4K3/4P3/8/8/8/8,0,0,0,12
r1bq1rk1/1p2ppbp/p2p1np1/8/2P5/2NQ2P1/PP2PPBP/R1B2RK1,1,0,0,35
rnbqkbnr/pp2pppp/2p5/3p4/2PP4/8/PP2PPPP/RNBQKBNR,1,1,0,21
rnb1k2r/1p2ppb1/p2p1np1/q5Bp/2BNP3/2N5/PPPQ1PPP/2KR2R1,0,1,0,47
8/1r6/5p2/3P1kpp/8/6P1/3R1K1P/8,1,0,0,0
rnbqkb1r/pp2pppp/3p1n2/2p5/4P3/2N2N2/PPPP1PPP/R1BQKB1R,1,1,0,14
r1b2R2/pp4k1/1q2p1pp/2npP3/8/8/PPQ2PPP/R4BK1,0,0,0,0
rn2k1nr/ppp2ppp/3b4/3P4/3P1pbq/2N2N2/PPP1K1PP/R1BQ1B1R,0,1,0,-163
r2qkb1r/ppp1pppp/2n2n2/3p4/3P1Bb1/4PN2/PPP2PPP/RN1QKB1R,1,1,0,27
r1b1k2r/1p2ppb1/p1np1np1/6Qp/2B1P3/1NN5/PPP2PPP/2KR2R1,0,1,0,13
rnbq1rk1/pp1pppbp/5np1/2p3B1/3P4/2PBPN2/PP3PPP/RN1QK2R,0,1,0,-52
rnb1kbnr/ppp2ppp/8/3B4/4Pp1q/8/PPPP2PP/RNBQ1KNR,0,1,0,-28
r2qk2r/6p1/1pp1Bn2/3p2b1/P2P1n1p/1NB4P/1PP2P2/R3QR1K,0,1,0,-12
r3k2r/pp2bpp1/1np1p2p/q3P2P/5P2/2PQ2N1/PP1B2P1/R4RK1,0,1,0,0
r1bq1rk1/4bppp/p1n1p3/1p1n4/3P4/1BN2N2/PP3PPP/R1BQR1K1,1,0,0,35
3R4/2r2pk1/5np1/1p2p3/1P2P1P1/1K3P2/2P5/2B5,1,0,0,488
rnbqkbnr/pp1p1ppp/4p3/2p5/4P3/3P4/PPP2PPP/RNBQKBNR,1,1,0,0
4r1k1/5ppp/8/8/8/8/5PPP/4R1K1,1,0,0,1
r2q1rk1/pbp3pp/1p1b4/3N1p2/2B5/P3PPn1/1P3P1P/2RQK2R,1,1,0,4
rnbqkb1r/1p1p1ppp/4pn2/pPP5/2P5/8/P3PPPP/RNBQKBNR,0,1,0,-48
r3k2r/pp2bpp1/1np1p2p/q3P2P/5P2/2PQ2N1/PP1B2P1/R3K2R,1,1,0,11
r1bq1k1r/ppp1Bpb1/2n3pp/3Np3/2P1P3/5N2/PP3PPP/R2QKB1R,0,0,0,86
r1b2k2/pp6/1q2p1pp/2npP3/8/8/PPQ2PPP/R4BK1,1,0,0,0
3r4/1p1b4/p2P1k2/4Rp1p/2B2P2/8/PP4P1/3K4,0,0,0,2
8/1k1R4/8/2K5/8/8/8/8,0,0,0,4
4K3/1k2P3/1p6/pBn5/P7/4r3/5p2/2R5,0,0,0,-3
8/1P4kp/8/PB1P4/4b3/7P/6P1/6K1,0,0,0,9
3k4/8/4K3/4P3/8/8/8/8,1,0,0,12
2r1r3/6k1/8/4N1pQ/P7/1q5P/5PP1/4R1K1,1,0,0,14
5n2/P4k2/6p1/3N2b1/8/5p2/8/5K2,1,0,0,682
rnb1k1nr/ppp2ppp/3b4/3B4/4Pp1q/8/PPPP2PP/RNBQ1KNR,1,1,0,-15
r1b1k2r/1p2ppb1/p1np1np1/q5Bp/2B1P3/1NN5/PPPQ1PPP/2KR2R1,0,1,0,17
8/1r6/3P1p2/5kpp/8/6P1/3R1K1P/8,0,0,0,0
r1bqkb1r/pppp1ppp/2n2n2/1B2p3/4P3/5N2/PPPP1PPP/RNBQK2R,1,1,0,17
r1b1k2r/1p2pp2/p1np1npb/6Qp/2B1P3/1NN5/PPP2PPP/2KR2R1,1,1,0,14
2k5/3R4/8/2K5/8/8/8/8,1,0,0,4
rnbqkbnr/ppp1pppp/8/3P4/8/8/PPPP1PPP/RNBQKBNR,0,1,0,51
r1bqk2r/pppp1ppp/5n2/n1b1p3/2B1P3/2NP1Q1P/PPP2PP1/R1B1K1NR,0,1,0,0
r3kb1r/pp3pp1/1np1p2p/q3P2P/8/2PQ2N1/PP1B1PP1/R3K2R,1,1,0,3
rnbqkb1r/p3pppp/2p2n2/1P6/3P4/1p2PN2/5PPP/RNBQKB1R,0,1,0,66
r2qkb1r/ppp1pppp/2n5/8/2B1P1b1/2P2N2/P2P1PPP/R1BQK2R,0,1,0,39
q5k1/5pp1/8/1p2P3/2p4p/2P4r/1P3KQ1/1N3R2,0,0,0,-14
4K3/1k2P3/1p6/pBn5/P7/8/5p2/2R1r3,1,0,0,-4
8/1pB5/p1p5/5k2/P5pr/1PPK4/8/8,1,0,0,-668
r1bq1rk1/1pp2pp1/1pnp1n1p/4p3/2B1P2B/3P1N2/PPP2PPP/R2QK2R,1,1,0,11
1r2kb1r/pBpn1ppp/4p3/5b2/Q1pq4/5NP1/PP2PP1P/R1B2RK1,0,1,0,283
3k4/5K2/8/4P3/8/8/8/8,0,0,0,11
rnbqkb1r/pp2pppp/3p1n2/2p5/2B1P3/2N2N2/PPPP1PPP/R1BQK2R,0,1,0,0
Q4n2/5k2/6p1/3N2b1/8/5p2/8/5K2,0,0,0,835
2r1r3/6k1/8/4N1Q1/P7/1q5P/5PP1/4R1K1,0,0,0,13
r1k4r/ppp1b3/2n1q3/6B1/3p2p1/8/PPP1KPPP/R7,1,0,0,-11
3rqrk1/p1p2ppp/2P2n2/8/6b1/2b5/PPP1BPPP/R1B1QRK1,1,0,0,-286
3r4/2R2b2/3P1k2/pB3p2/5P1p/P7/1P3KP1/8,0,0,0,497
5rk1/pp1b1ppp/1q2p3/3pP3/1B3Pn1/3B1N2/P2KQ1PP/RN3r2,1,0,0,-414
3N4/3b4/1p3pk1/p2Pp1P1/4P3/6P1/5K2/8,1,0,0,-65
r1bq1rk1/5pp1/2nb1n1p/pp1p4/2pP3B/2P2N1P/PPB2PP1/RN1QR1K1,1,0,0,61
rnbqk2r/ppp2ppp/8/2bNp3/2B1nP2/8/PPPP2PP/R1BQK1NR,1,1,0,-26
8/1r6/3Pkp2/6pp/8/6P1/3R1K1P/8,1,0,0,0
r1bqkb1r/pp2pppp/2n2n2/3p4/3P4/2N2N2/PPP2PPP/R1BQKB1R,1,1,0,0
8/1p6/kp6/1p6/8/8/5PPP/5RK1,1,0,0,1
8/8/1p3b2/4k3/5p2/R7/PP5P/1K6,0,0,0,557
r1bqk1nr/pp2ppb1/2np2p1/2p4p/4P3/3P1NP1/PPPN1PBP/R1BQ1RK1,0,1,0,22
r1bq1rk1/4bppp/p1n5/1p1p4/3P4/1B3N2/PP3PPP/R1BQR1K1,1,0,0,29
r2qk2r/6p1/1pp1B3/3p2b1/P2Pnn1p/1NB4P/1PP2P2/R3QR1K,1,1,0,-11
5N2/1p6/5p1k/p3p1p1/P2Pb3/6KP/6P1/8,1,0,0,-158
8/p5p1/3kp1n1/PPp5/2P1pP2/2K4P/4BP2/8,1,0,0,481
8/8/7k/5p1p/5K1b/8/8/8,1,0,0,-35
2r1r2k/8/8/4N1Q1/P7/1q5P/5PP1/4R1K1,1,0,0,11
6k1/6p1/3N4/4K3/5N2/8/8/8,0,0,0,17
8/8/1p3b2/8/4kp2/R7/PP5P/1K6,1,0,0,582
r4rk1/ppp3bp/n2p1q2/3P1b2/1PP5/1QN1B2P/P3BP2/2KR3R,1,0,0,139
r1b2rk1/3nppbp/p2p2p1/Q1p5/2pPP3/5P2/PP4PP/1KN2B1R,0,0,0,-161
R4nk1/6p1/8/5p2/P1pN2bb/8/2B3K1/8,0,0,0,300
r1bq1k1r/ppp1npb1/6pp/3Np3/2P1P3/5N2/PP3PPP/R2QKB1R,1,0,0,82
rnb1k1nr/ppp2ppp/3b4/3B4/3PPp1q/8/PPP3PP/RNBQ1KNR,0,1,0,-32
r1bqkb1r/pppnpp2/3p1np1/6Bp/3PP2P/2N5/PPP2PP1/R2QKBNR,1,1,0,64
8/3k1K2/8/4P3/8/8/8/8,1,0,0,11
r1b1kb1r/1p3ppp/p2qpn2/8/2BN4/8/PPP2PPP/R1BQ1RK1,1,1,0,21
r3kb1r/pp3pp1/1np1p2p/q3P2P/8/2P3N1/PP1BQPP1/R3K2R,0,1,0,1
8/1pR3pk/7p/5r2/8/P1B1Rn1P/5PP1/6K1,1,0,0,11
8/8/8/8/1K2k3/1N6/2q5/8,1,0,0,-9
8/6pk/3N4/4K3/5N2/8/8/8,1,0,0,17
8/5pk1/5np1/1R2p3/1P2P1P1/1K3P2/1BP5/5r2,1,0,0,571
r1k4r/ppp1b3/2n1q3/6B1/3p2p1/3K4/PPP2PPP/R7,0,0,0,-4
6k1/8/7K/6P1/8/8/8/8,0,0,0,13
r1bqkb1r/pp1n1ppp/2p1p3/8/2BPn3/5N2/PPP1QPPP/R1B1K2R,1,1,0,55
8/3B4/6k1/5p2/p4P1p/Pb6/1P4P1/6K1,1,0,0,637
3rqrk1/p1p2ppp/2P2n2/8/6b1/2P5/P1P1BPPP/R1B1QRK1,0,0,0,-469
rnbqkb1r/1p2pppp/p2p1n2/8/3NP3/2N5/PPP2PPP/R1BQKB1R,1,1,0,25
r1bqkb1r/pppp1ppp/2n5/1B2p3/4n3/5N2/PPPP1PPP/RNBQ1RK1,1,1,0,14
2r2k1r/1p2pp2/p2pb1p1/5PPp/3RP3/2N2R2/PPP1B1n1/2K5,0,0,0,19
2b5/2P2k2/4n3/3BBppp/p7/2K3P1/4PP1P/8,1,0,0,450
r3k1nr/pppn1ppp/3b4/3P4/3P1pbq/2N2N2/PPP1K1PP/R1BQ1B1R,1,1,0,-103
8/8/8/8/4k3/5p2/8/5K2,0,0,0,0
rnbqkbnr/pp2pppp/8/2pp4/4P3/2P5/PP1P1PPP/RNBQKBNR,1,1,0,11
r1bqkb1r/pp2pppp/2np1n2/2p5/2B1P3/2N2N2/PPPP1PPP/R1BQK2R,1,1,0,21
8/3k1K2/4P3/8/8/8/8/8,0,0,0,10
r1k4r/ppp1b3/4q3/6B1/1n1p2p1/3K4/PPP2PPP/R7,1,0,0,-3
8/1pR3pk/7p/5r2/3n4/P1B1R2P/5PP1/6K1,0,0,0,9605
r1bq1rk1/2ppbppp/p7/np1N4/4P3/1B2Q3/PPP2PPP/R1B2RK1,0,0,0,13
r1bq1k1r/ppp1npb1/1N4pp/4p3/2P1P3/5N2/PP3PPP/R2QKB1R,0,0,0,60
8/p5p1/3kp1n1/PPp5/2P1pP2/7P/3KBP2/8,0,0,0,496
r1b5/1pq1Qrk1/p4pp1/2Pp3p/7P/1P5N/2n2PP1/RN2R1K1,1,0,0,-524
rn3rk1/p5pp/2p5/3Pp3/2Q5/8/PPbB2PP/R3K1NR,0,1,0,671
rn1q1rk1/pppb1pb1/3p1n1p/4p3/4P1pP/P1NP2B1/1PP1BPPN/R2Q1RK1,0,0,0,49
r1b2k2/pp6/4p1Qp/2npP3/8/8/Pq3PPP/R4BK1,1,0,0,0
2kr1b1r/pp3pp1/1np1p2p/q3P2P/8/2P3N1/PP1BQPP1/R3K2R,1,1,0,14
5N2/1p6/5p1k/p3P1p1/P3b3/6KP/6P1/8,0,0,0,-318
5K2/1k2P3/1p6/pBn5/P7/8/5p2/2R1r3,0,0,0,-6
8/1r6/3Pkp2/6pp/7P/6P1/3R1K2/8,0,0,0,0
6r1/3k4/p3p3/PpPpP3/3P1Kp1/2P3Pp/1R5P/8,0,0,0,349
r1bqk2r/pppp1ppp/5n2/2b1p3/2P1P3/2N2Q1P/PPP2PP1/R1B1K1NR,0,1,0,10
rnb1kbnr/ppp1pppp/8/3q4/8/8/PPPP1PPP/RNBQKBNR,1,1,0,52
rnbqk2r/ppp1ppbp/5np1/4p3/3P1P2/2N5/PPP3PP/R1BQKBNR,1,1,0,23
2br4/1p6/p2P1k2/4Rp1p/2B2P2/8/PP4P1/3K4,1,0,0,0
8/5k2/7K/6P1/8/8/8/8,1,0,0,13
7r/p3kp2/2p1pp2/2p2B2/8/8/PPPP3q/R1BQR1K1,1,0,0,-5
5rk1/3q2P1/6Q1/8/6p1/6Pp/7P/7K,1,0,0,27
2r1R1k1/5ppp/8/8/Q7/8/5PPP/6K1,0,0,0,1
3k4/5K2/4P3/8/8/8/8/8,1,0,0,8
8/8/8/2N5/1K2k3/8/2q5/8,0,0,0,-10
8/3b4/1pN2k2/p2Pp3/4P3/6P1/5K2/8,0,0,0,-46
rnbqk2r/p1p2ppp/5n2/1pbPp1B1/2p1P3/2N5/PP3PPP/R2QKBNR,1,1,0,-88
8/1pR2rpk/7p/B7/3n4/P3R2P/5PP1/6K1,0,0,0,686
1r1q1r2/1p2ppbk/p2pbnpp/8/2P1P3/1PNQ2P1/P2B1PBP/2RR2K1,0,0,0,71
rnbqkb1r/p3pppp/5n2/1p6/3P4/1Q2PN2/5PPP/RNB1KB1R,0,1,0,40
rnb1k2r/ppp1nppp/3b4/3B4/3PPp1q/8/PPP3PP/RNBQ1KNR,1,1,0,-25
r1bqkb1r/pppnpp2/3p1np1/6Bp/3PP2P/2N5/PPPQ1PP1/R3KBNR,0,1,0,62
r2r2k1/4q2p/2p1bppB/p1Pnp3/Rb2N2P/5QP1/4PPB1/2R3K1,0,0,0,-76
r1k4r/ppp1b3/4q3/6B1/1n1K2p1/8/PPP2PPP/R7,0,0,0,-3
R4nk1/6p1/8/5B2/P1pN1pbb/8/6K1/8,0,0,0,314
rn2kbnr/pp1q1ppp/4p3/2ppP3/3P4/2N2N2/PPP2PPP/R1BQK2R,1,1,0,-2
8/R4pk1/3r2p1/7p/7P/8/5PPK/8,1,0,0,0
rnbqkbnr/ppp1pppp/8/3p4/8/5N2/PPPPPPPP/RNBQKB1R,1,1,0,18
4B3/8/6k1/5p2/p4P1p/Pb6/1P4P1/6K1,0,0,0,613
8/1pR3pk/7p/B4r2/3n4/P3R2P/5PP1/6K1,1,0,0,903
8/8/8/8/5k2/5p2/8/5K2,1,0,0,0
r3k1nr/pppn1ppp/3b4/3P4/3P1pbq/P1N2N2/1PP1K1PP/R1BQ1B1R,0,1,0,-221
3k4/4PK2/8/8/8/8/8/8,0,0,0,7
4r1k1/5ppp/8/8/Q7/8/5PPP/6K1,1,0,0,1
r1b2k2/pp6/4p2Q/2npP3/8/8/Pq3PPP/R4BK1,0,0,0,0
8/8/8/2Nk4/1K6/8/2q5/8,1,0,0,-8
r1bqk1nr/1pp2ppp/p1pb4/4p3/4P3/5N2/PPPP1PPP/RNBQ1RK1,1,1,0,6
rnbq1rk1/ppp1bppp/5n2/3p2B1/8/4PQ2/PPP2PPP/RN2KBNR,1,1,0,-97
r3k2r/1p2pp2/p1npBnpb/6Qp/4P2P/1NN5/PPP2PP1/2KR2R1,0,1,0,121
2k5/3R4/2K5/8/8/8/8/8,0,0,0,3
rnbqkbnr/pp1ppppp/2p5/8/4P3/5N2/PPPP1PPP/RNBQKB1R,0,1,0,17
8/1r6/3Pkp2/7p/7p/6P1/3R1K2/8,1,0,0,0
r1bqkb1r/pppp1ppp/2n5/1B2p3/4n3/5N2/PPPP1PPP/RNBQR1K1,0,1,0,15
8/5k1K/8/6P1/8/8/8/8,0,0,0,12
8/1pk2pN1/p1p4p/7P/3R1bP1/1KP2B2/1P1n4/2r5,1,0,0,-178
8/p5p1/3kp3/PPp5/2P1pn2/7P/3KBP2/8,1,0,0,505
8/3kPK2/8/8/8/8/8/8,1,0,0,6
rnb1kbnr/ppp1pppp/8/3q4/8/2N5/PPPP1PPP/R1BQKBNR,0,1,0,47
r1kr4/ppp1b3/4q3/6B1/1n1K2p1/8/PPP2PPP/R7,1,0,0,-2
2r1r2k/8/8/4N2Q/P7/1q5P/5PP1/4R1K1,0,0,0,12
1Q2k2r/pp3ppp/2q1pn2/3r4/8/2PB3P/P4PP1/2R2RK1,0,0,0,-124
rn2kbnr/pp1q1ppp/4p3/2ppP3/3P4/2N2N2/PPP2PPP/R1BQ1RK1,0,1,0,-18
3r1rk1/p1p2ppp/2P2n2/8/6b1/2P5/P1P1QPPP/R1B2RK1,0,0,0,-358
7k/8/8/4n3/4P3/8/8/6BK,1,0,0,19
8/7K/4k3/6P1/8/8/8/8,1,0,0,12
r1bqk1nr/1pp2ppp/p1pb4/4p3/3PP3/5N2/PPP2PPP/RNBQ1RK1,0,1,0,9
1k6/3R4/2K5/8/8/8/8/8,1,0,0,3
5K2/1k2P3/1p6/pBn5/P7/8/5p2/2r5,1,0,0,-1
r3k2r/1p2p3/p1nppnpb/6Qp/4P2P/1NN5/PPP2PP1/2KR2R1,1,1,0,118
rnbqkb1r/ppp2ppp/4pn2/3P4/2p1P3/2N5/PP3PPP/R1BQKBNR,0,1,0,-106
r1bqkb1r/pp2pppp/2np1n2/2p5/2B1P3/2N2N2/PPPP1PPP/R1BQ1RK1,0,1,0,1
2k5/8/p2b4/2p5/8/2P4r/P4R2/1K2R3,1,0,0,589
r1bqk2r/pp2bppp/2n1pn2/3p2B1/2PP4/2N2N2/PP2BPPP/R2QK2R,0,1,0,-24
4B3/8/5k2/5p2/p4P1p/Pb6/1P4P1/6K1,1,0,0,633
r1bqkb1r/pppp1ppp/2nn4/1B2p3/8/5N2/PPPP1PPP/RNBQR1K1,1,1,0,13
r1b1k3/pp6/4p2Q/2npP3/8/8/Pq3PPP/R4BK1,1,0,0,0
r2qk2r/6p1/1pp1B3/3p2b1/P2Pnn1p/1NB2P1P/1PP5/R3QR1K,0,1,0,-339
7k/7N/8/8/8/8/8/6RK,0,0,0,8
8/8/8/3k4/NK6/8/2q5/8,0,0,0,-8
r2q1rk1/pbp1N1pp/1p1b4/5p2/2B5/P3PPn1/1P3P1P/2RQK2R,0,1,0,3
8/8/5kp1/6P1/2r2P1p/4RK1P/8/8,0,0,0,269
8/1r6/3Pkp2/7p/7P/8/3R1K2/8,0,0,0,0
7K/8/2Q5/8/8/8/1p6/3k4,1,0,0,21
r1bq1rk1/5pp1/2nb1n1p/pp1pN3/2pP3B/2P4P/PPB2PP1/RN1QR1K1,0,0,0,58
1kr5/p5Q1/2b1P3/q2p1p2/5P2/P1p5/2P3PP/2B1K2R,0,0,0,70
8/8/3k4/8/8/2QBK3/8/8,1,0,0,5
rnb1k2r/ppp1nppp/3b4/3B4/3PPp1q/5N2/PPP3PP/RNBQ1K1R,0,1,0,-25
r2q1rk1/1pp2pp1/1pnpbn1p/4p3/2B1P2B/P2P1N2/1PP2PPP/R2QK2R,1,1,0,7
rnb1k2r/ppp3pp/5n2/3pN3/4q3/2B5/PPP1BPPP/R2Q1RK1,0,1,0,306
2r1r3/6k1/8/4N2Q/P7/1q5P/5PP1/4R1K1,1,0,0,12
4Q3/3k1K2/8/8/8/8/8/8,0,0,0,5
8/p5p1/P2kp3/1Pp5/2P1pn2/7P/3KBP2/8,0,0,0,522
7r/p3kp2/2p1pp2/2p2B2/8/8/PPPP3q/R1BQRK2,0,0,0,-5
rnbqkbnr/pppp1ppp/8/4p3/4P3/5N2/PPPP1PPP/RNBQKB1R,0,1,0,18
r3k2r/pppnnppp/3b4/3P4/3P1pbq/P1N2N2/1PP1K1PP/R1BQ1B1R,1,1,0,-210
3r1rk1/p1p2ppp/2P2n2/8/8/2P5/P1P1bPPP/R1B2RK1,1,0,0,-374
1Q1rk2r/pp3ppp/2q1pn2/8/8/2PB3P/P4PP1/2R2RK1,1,0,0,-125
r1bqk2r/pp2bppp/2n1pn2/6B1/2pP4/2N2N2/PP2BPPP/R2QK2R,1,1,0,-16
rnb1kbnr/ppp1pppp/8/4q3/8/2N5/PPPP1PPP/R1BQKBNR,1,1,0,77
4B3/8/5k2/5p2/p4P1p/Pb6/1P4PK/8,0,0,0,691
rnbqkbnr/pppp1ppp/8/4p3/8/7N/PPPPPPPP/RNBQKB1R,1,1,0,-32
r3k2r/1p2p3/p1nppnpb/4P1Qp/7P/1NN5/PPP2PP1/2KR2R1,0,1,0,125
8/7k/8/8/8/8/8/6RK,1,0,0,8
r3r1k1/ppp2p1p/2nb2p1/5b2/3N4/2P1BN2/PP3PPP/R3R1K1,0,0,0,-26
8/8/8/3k4/NKq5/8/8/8,1,0,0,-8
8/8/4np2/4pk1p/RNr4P/P3KP2/1P6/8,1,0,0,697
r2q1r1k/pbp1N1pp/1p1b4/5p2/2B5/P3PPn1/1P3P1P/2RQK2R,1,1,0,3
4QK2/1k6/1p6/pBn5/P7/8/5p2/2r5,0,0,0,-4
4k3/8/8/1B6/8/8/8/4K1N1,0,0,0,29
q7/6Q1/2p2p1P/3p2p1/PP2bkB1/7P/5K2/8,1,0,0,1
r1bqk1nr/1pp3pp/p1pb1p2/4p3/3PP3/5N2/PPP2PPP/RNBQ1RK1,1,1,0,173
8/6k1/8/4n3/3BP3/8/8/7K,1,0,0,18
8/6pk/3NK3/8/5N2/8/8/8,0,0,0,16
r1bqkb1r/pp3ppp/2nppn2/2p5/2B1P3/2N2N2/PPPP1PPP/R1BQ1RK1,1,1,0,21
r1kr4/ppp1b3/4q3/6B1/1n4p1/2K5/PPP2PPP/R7,0,0,0,-2
8/7K/6P1/3k4/8/8/8/8,1,0,0,11
2r1r3/6k1/6Q1/4N3/P7/1q5P/5PP1/4R1K1,0,0,0,11
r1b1k2Q/pp6/4p3/2npP3/8/8/Pq3PPP/R4BK1,0,0,0,-32
r3k2r/pppnnppp/3b4/3P4/P2P1pbq/2N2N2/1PP1K1PP/R1BQ1B1R,0,1,0,-307
4B3/6k1/8/5p2/p4P1p/Pb6/1P4PK/8,1,0,0,782
8/8/8/3k4/N1q5/K7/8/8,0,0,0,-8
R4nk1/6p1/8/5B2/P1pN2bb/5p2/6K1/8,1,0,0,543
8/3r4/3Pkp2/7p/7P/8/3R1K2/8,1,0,0,0
8/4k3/8/1B6/8/8/8/4K1N1,1,0,0,30
rnbqkb1r/p3pppp/5n2/1B6/3P4/1p2PN2/5PPP/RNBQK2R,0,1,0,81
8/6p1/3NK2k/8/5N2/8/8/8,1,0,0,16
8/8/5kp1/8/2r2PPp/4RK1P/8/8,1,0,0,308
rnb1k2r/ppp1nppp/3b4/3B3q/3PPp2/5N2/PPP3PP/RNBQ1K1R,1,1,0,0
r3k2r/1p2p3/p1n1pnpb/4p1Qp/7P/1NN5/PPP2PP1/2KR2R1,1,1,0,119
rnbqkb1r/pp3ppp/2p2n2/3P4/2p5/2N5/PP3PPP/R1BQKBNR,1,1,0,-12
r1bqkb1r/pp1npp2/2pp1np1/6Bp/3PP2P/2N5/PPPQ1PP1/2KR1BNR,0,1,0,54
rnbqk2r/p1p2ppp/5n2/1NbPp1B1/2p1P3/8/PP3PPP/R2QKBNR,0,1,0,-69
2r1r2k/8/6Q1/4N3/P7/1q5P/5PP1/4R1K1,1,0,0,11
8/1kP1K3/8/8/8/8/8/8,1,0,0,7
q7/8/2p2Q1P/3p2p1/PP2bkB1/7P/5K2/8,0,0,0,1
r1kr4/p1p1b3/4q3/1p4B1/1n4p1/2K5/PPP2PPP/R7,1,0,0,-1
r3kbnr/ppq2ppp/2n1p3/2ppP3/3P1B2/2N2N2/PPP2PPP/R2Q1RK1,1,1,0,73
r1bqk2r/pp2bppp/2n1pn2/6B1/2pP4/2N2N2/PP2BPPP/R2Q1RK1,0,1,0,-14
1rb2rk1/3nppbp/p2p2p1/Q1p5/2pPP3/5P2/PP4PP/1KN2B1R,1,0,0,-155
1k6/3R4/1K6/8/8/8/8/8,0,0,0,2
r2qkb1r/ppp1pppp/2n2n2/3p4/3P1Bb1/2P1PN2/PP3PPP/RN1QKB1R,0,1,0,11
8/8/6k1/4B3/4P3/8/8/7K,1,0,0,17
1kr5/p5Q1/1qb1P3/3p1p2/5P2/P1p5/2P3PP/2B1K2R,1,0,0,90
8/5p2/8/1P2k1p1/K3P1P1/8/2P5/8,1,0,0,14
r1bqkb1r/pp3ppp/2nppn2/2p5/2B1P3/2N2N2/PPPP1PPP/R1BQR1K1,0,1,0,0
2bq1rk1/5pp1/r1nb1n1p/pp1pN3/2pP3B/2P4P/PPB2PP1/RN1QR1K1,1,0,0,58
8/8/8/8/N1qk4/K7/8/8,1,0,0,-7
8/8/8/8/8/2K4B/5k1P/8,1,0,0,14
2br4/1p6/p2P1k2/4Rp1p/2B2P2/8/PPK3P1/8,0,0,0,0
r2r2k1/4q2p/2p1b1pB/p1Pnpp2/Rb2N2P/5QP1/4PPB1/2R3K1,1,0,0,-81
r3r1k1/1b2qpp1/p7/1p1P3Q/1P6/P7/1b4PP/4RRK1,1,0,0,-398
r1bqkb1r/pppp1ppp/3n4/1B2n3/8/8/PPPP1PPP/RNBQR1K1,1,1,0,15
4B3/6k1/8/5p2/p4P1p/Pb5K/1P4P1/8,0,0,0,797
5r2/3q2Pk/8/8/6p1/6Pp/7P/7K,1,0,0,26
r2q1rk1/1p2n1bp/3pbn2/2p1p1B1/2P2pPN/pPNP3P/P2Q1P2/2KBR1R1,0,0,0,-25
r3k3/ppp4p/2bb2p1/8/3Qqr2/1P6/PBPPN1PP/R3K2R,1,1,0,-60
8/3B4/8/8/8/2K5/5k1P/8,0,0,0,13
2k5/3R4/1K6/8/8/8/8/8,1,0,0,2
1R6/4q1pk/5pn1/b2pB1Pp/2pP2b1/p1P5/P1B1rPP1/2Q2NK1,1,0,0,336
rnbqk2r/ppp1ppbp/5np1/4P3/3P4/2N5/PPP3PP/R1BQKBNR,0,1,0,0
1Kb2n2/2P1k3/2B5/4Bppp/8/p5P1/4PP1P/8,0,0,0,525
3r2k1/1b3ppp/pb2p3/1p2P3/1P2BPnP/P1r5/1B2Q2P/R4R1K,0,0,0,-8
8/8/3k4/3B4/3K4/8/3N4/8,1,0,0,19
8/8/1K6/8/Pk6/8/5r2/8,1,0,0,-13
6k1/1p1b3p/2pp2p1/p7/2Pb2P1/1P1PpK2/P1N2R1P/1RQ5,0,0,0,960
R4nk1/6p1/8/5B2/P1pN2bb/5p2/8/5K2,0,0,0,468
7r/p3kp2/2p1pp2/2p2B2/5q2/8/PPPP4/R1BQRK2,1,0,0,-4
8/3B4/8/8/5k1P/2K5/8/8,1,0,0,9
r2q1rk1/pp1b1ppp/4p3/2bn1N2/8/1Q4P1/PP2PPBP/R1B2RK1,1,0,0,144
r4rk1/pppnnppp/3b4/3P4/P2P1pbq/2N2N2/1PP1K1PP/R1BQ1B1R,1,0,0,-300
r3k2r/1p2p3/p1n1pnpQ/4p2p/7P/1NN5/PPP2PP1/2KR2R1,0,1,0,135
r3r1k1/ppp2p1p/3b2p1/5b2/3n4/2P1BN2/PP3PPP/R3R1K1,1,0,0,-24
8/1pR3pk/7p/5r2/8/P1B2R1P/5PP1/6K1,0,0,0,9
5N2/1p6/7k/p3p1p1/P3b3/6KP/6P1/8,1,0,0,-334
2r1bN1k/p3n1p1/1p6/3B1R2/2P5/P2Pb1PP/1B5K/5R2,1,0,0,728
q7/8/2p2Q1P/3p1bp1/PP3kB1/7P/5K2/8,1,0,0,1
2r2rk1/p7/3n2Pp/1p6/1P3pP1/PB1pbP2/1B4K1/R4R2,0,0,0,140
3N4/3b4/1p3k2/p2Pp3/4P3/6P1/5K2/8,1,0,0,-45
1kr5/p7/1qb1P3/3p1p2/5P2/P1Q5/2P3PP/2B1K2R,0,0,0,76
r3kbnr/pp3ppp/1qn1p3/2ppP3/N2P1B2/5N2/PPP2PPP/R2QR1K1,0,1,0,75
2r1r2k/8/6Q1/4N3/P3R3/1q5P/5PP1/6K1,0,0,0,10
8/3B4/8/7P/3K4/8/6k1/8,1,0,0,8
8/4k3/8/1B6/8/8/4N3/4K3,0,0,0,175
2b5/1p6/p2r1k2/4Rp1p/2B2P2/8/PPK3P1/8,1,0,0,0
r4k1r/1p2pp2/p1npbnpb/6Qp/3NP2P/2N5/PPP1BPP1/2KR2R1,0,0,0,15
7K/8/8/8/Q7/8/1p6/2k5,1,0,0,20
8/8/3k4/3B4/3KN3/8/8/8,0,0,0,19
4QK2/1k6/1p6/pBn5/P7/8/8/2r2q2,1,0,0,-4
rnbqkb1r/ppp2ppp/4pn2/3p4/2PP4/5N2/PP2PPPP/RNBQKB1R,1,1,0,17
5k2/p1p2pp1/7p/2r5/8/1P3P2/PBP3PP/1K6,1,0,0,1013
8/8/1K6/8/P1k5/8/5r2/8,0,0,0,-14
8/4QK2/3k4/8/8/8/8/8,0,0,0,6
r1bqkb1r/pppp1ppp/3n4/1B2R3/8/8/PPPP1PPP/RNBQ2K1,0,1,0,24
r4rk1/pppnnppp/3b4/P2P4/3P1pbq/2N2N2/1PP1K1PP/R1BQ1B1R,0,0,0,-362
8/8/8/8/2qk4/K7/1N6/8,0,0,0,-7
1r1n1rk1/ppq2p2/2b2bp1/2pB3p/2P4P/4P3/PBQ2PP1/1R3RK1,1,0,0,2
8/p1k3p1/P3p3/1Pp1n1p1/2P1pp2/2K1P1PP/4BP2/8,1,0,0,348
r2q1rk1/pp1bb1pp/2n2p2/3pPp2/3P4/5N2/PPN2PPP/R1BQR1K1,0,0,0,23
7r/p3kp2/2p1pp2/2p2B2/5q2/8/PPPP4/R1BQR1K1,0,0,0,-4
8/8/3k4/1B6/8/8/4N3/4K3,1,0,0,9605
r3r1k1/ppp2p1p/3b2p1/5b2/3N4/2P1B3/PP3PPP/R3R1K1,0,0,0,-26
r5k1/1b2rpp1/p7/1p1P3Q/1P6/P7/1b4PP/5RK1,1,0,0,-406
3qrk1Q/p1r2pp1/1p2pb2/nP1bN3/3PN3/P6R/5PPP/R5K1,0,0,0,-406
k1r5/p7/1qb1P3/3p1p2/5P2/P1Q5/2P3PP/2B1K2R,1,0,0,73
8/3k4/8/3B4/3KN3/8/8/8,1,0,0,19
r2qkb1r/ppp1pppp/2n2n2/3p4/3P1Bb1/4PN2/PPPN1PPP/R2QKB1R,0,1,0,26
r1bq1rk1/4bppp/p1n5/1p1p4/3P4/1B3N1P/PP3PP1/R1BQR1K1,0,0,0,17
rnbqk2r/pp2ppbp/3p1np1/2pP4/2P1P3/5P2/PP4PP/RNBQKBNR,1,1,0,30
7Q/3B4/8/8/3K4/8/8/4k3,0,0,0,4
2bq1rk1/2b1npp1/r4n1p/3pN3/p1pP3B/2P2Q1P/P1B2PP1/R3RNK1,0,0,0,15
8/4QK2/2k5/8/8/8/8/8,1,0,0,6
rnbqkbnr/ppp2ppp/3p4/4p3/4P3/5N2/PPPP1PPP/RNBQKB1R,1,1,0,48
r1bqk1nr/pp2ppbp/2np2p1/2p5/4P3/2N3P1/PPPPNPBP/R1BQ1RK1,0,1,0,0
r2q1r1k/pbp3pp/1p1b2N1/5p2/2B5/P3PPn1/1P3P1P/2RQK2R,0,1,0,2
r1bnk1nr/ppp3pp/4pp2/2b5/2B1P3/5N2/PPP2PPP/RNB1K2R,0,1,0,-7
r1bqk2r/ppppbppp/3n4/1B2R3/8/8/PPPP1PPP/RNBQ2K1,1,1,0,10
8/1pB5/p1p5/5k2/PP5r/2PK2p1/8/8,1,0,0,-803
r2r2k1/4q2p/2p1b1pB/p1Pn1pN1/Rb2p2P/5QP1/4PPB1/2R3K1,1,0,0,-73
2b5/1p6/p2r1k2/4Rp1p/2B2P2/2K5/PP4P1/8,0,0,0,0
3qr2Q/p1r1kpp1/1p2pb2/nP1bN3/3PN3/P6R/5PPP/R5K1,1,0,0,-392
8/8/8/8/3k4/K1q5/1N6/8,1,0,0,-6
8/p1k3p1/P3p3/1Pp1n1p1/2P1ppB1/2K1P1PP/5P2/8,0,0,0,0
4QK2/1k6/1p6/p1n5/P7/8/8/2r2B2,0,0,0,-6
r3kbnr/pp3ppp/2n1p3/2ppP3/Nq1P1B2/2P2N2/PP3PPP/R2QR1K1,0,1,0,113
rnb1kb1r/ppp1pp1p/5np1/3q4/3P4/2NQ4/PP2PPPP/R1B1KBNR,0,1,0,50
rnb1kbnr/ppp1pppp/8/4q3/8/2N5/PPPPBPPP/R1BQK1NR,0,1,0,67
r2q1r1k/pbp3p1/1p1b2p1/5p2/2B5/P3PPn1/1P3P1P/2RQK2R,1,1,0,2
2k5/8/1K6/8/8/8/8/3R4,0,0,0,1
8/6PK/5k2/8/8/8/8/6r1,1,0,0,0
k1r5/p7/1qb1P3/3p1p2/5P2/P1Q5/1BP3PP/4K2R,0,0,0,82
8/8/3k4/8/8/2BBK3/8/8,1,0,0,13
r2r2k1/4q2p/2p1b1pB/p1Pn1pN1/Rb2p2P/1Q4P1/4PPB1/2R3K1,0,0,0,-96
r4rk1/pp1nnppp/3b4/P1pP4/3P1pbq/2N2N2/1PP1K1PP/R1BQ1B1R,1,0,1,-373
4QK2/1k6/1p6/p1n5/P7/8/8/5r2,1,0,0,-5
4r2k/8/6Q1/4N3/P3R3/1q5P/5PP1/2r3K1,1,0,0,10
r1bqk2r/pp2bppp/4pn2/n5B1/2pP4/2N2N2/PP2BPPP/R2Q1RK1,1,1,0,-12
r2q1rk1/1pp2pp1/1pnpbn1p/4p3/2B1P2B/P2P4/1PPN1PPP/R2QK2R,0,1,0,10
q5k1/5pp1/8/1pb1P3/2p4p/2P2r1P/1P3PQ1/1N3R1K,0,0,0,-13
r2qr1k1/5pp1/p2pb2p/nppN4/4PQ2/1B4RP/PPP2PP1/R5K1,0,0,0,-3
3rqrk1/p1p2ppp/2P2n2/8/8/2P5/P1P1bPPP/R1B1QRK1,1,0,0,-468
5k2/p1p2pp1/7p/2r5/8/BP3P2/P1P3PP/1K6,0,0,0,902
1k6/8/1K6/8/8/8/8/3R4,1,0,0,1
rnbq1rk1/ppppppbp/5np1/6B1/3P4/3BPN2/PPP2PPP/RN1QK2R,0,1,0,0
1R6/4q1pk/5pn1/b2pB1Pp/2pP2b1/p1P5/P1B1rPP1/1Q3NK1,0,0,0,339
r3kbnr/pp3ppp/2n1p3/2ppP3/Nq1P1B2/5N2/PPP2PPP/R2QR1K1,1,1,0,122
2r2k1r/1p2pp2/p2pb3/5pPp/3RP3/2N2R2/PPP1B1n1/2K5,1,0,0,64
8/8/8/8/3k4/2q5/KN6/8,0,0,0,-6
4Q1K1/1k6/1p6/p1n5/P7/8/8/5r2,0,0,0,-5
2bq1rk1/2b2pp1/r1n2n1p/pp1pN3/2pP3B/2P4P/PPBN1PP1/R2QR1K1,1,0,0,74
1R6/4q1pk/6n1/b2pp1Pp/2pP2b1/p1P5/P1B1rPP1/1Q3NK1,1,0,0,1
8/2n5/2k5/8/2K2Q2/8/8/8,1,0,0,11
4r2k/8/6Q1/4N3/P3R3/1q5P/5PPK/2r5,0,0,0,9
5N2/1p6/7k/p3Ppp1/P3b3/6KP/6P1/8,1,0,0,-303
6k1/3qb1pp/4p3/ppp1P3/8/2PP1Q2/PP4PP/5RK1,1,0,0,3
8/8/8/8/5k2/5p2/5K2/8,0,0,0,0
r1bqk2r/ppp2ppp/2np1n2/2b1p3/2B1P3/2NP3P/PPP2PP1/R1BQK1NR,1,1,0,20
k1r5/pb6/1q2P3/3p1p2/3Q1P2/P7/1BP3PP/4K2R,0,0,0,82
2r2k1r/1p2pp2/p2pbnpb/6Qp/3RPP1P/2N5/PPP1B1P1/2K3R1,0,0,0,45
5k2/2p2pp1/p6p/2r5/8/BP3P2/P1P3PP/1K6,1,0,0,777
7K/8/8/8/8/Q7/1pk5/8,1,0,0,21
2r2k1r/1p2pp2/p2pb3/5PPp/3R4/2N2R2/PPP1B1n1/2K5,0,0,0,72
5rk1/3Q1p2/6p1/P5r1/R1q1n3/7B/7P/5R1K,0,0,0,-2
1Kb5/2Pnk3/2B5/4Bppp/8/p5P1/4PP1P/8,1,0,0,564
r1kr4/p1p1b3/4q3/1p4B1/1n4p1/1PK5/P1P2PPP/R7,0,0,0,-1
r2q1rk1/4bppp/p1n1b3/1p1p4/3P4/1B3N1P/PP3PP1/R1BQR1K1,1,0,0,20
6k1/1b3ppp/pb2p3/1p2P3/1P2BPnP/P1r5/1B1rQ2P/R4R1K,1,0,0,-7
rnbqk2r/ppp2ppp/5n2/2bp4/3NP3/2N5/PPP2PPP/R1BQKB1R,1,1,0,27
4Q1K1/1k6/1p6/p1n5/P4r2/8/8/8,1,0,0,-7
8/4k3/8/8/8/4PK2/8/8,0,0,0,0
8/5k2/1p6/p2Pp1N1/b3P3/6P1/5K2/8,0,0,0,-433
8/5ppk/6n1/R5P1/2p3bp/p3b3/P1B1N1P1/5K2,0,0,0,201
r3k2r/1p2p3/p2ppnpb/4n1Qp/5P1P/1NN5/PPP3P1/2KR2R1,0,1,0,284
4k3/1p6/2p1p3/p1Pp4/P2PpP1p/1P2P1rP/5K2/6R1,0,0,0,-232
k1r5/pb6/2q1P3/3p1p2/3Q1P2/P7/1BP3PP/4K2R,1,0,0,84
5N2/1p6/4P2k/p4pp1/P3b3/6KP/6P1/8,0,0,0,-435
R4nk1/6p1/8/5pb1/P1pN2bp/8/2B3P1/5K2,0,0,0,382
8/8/8/8/1q1k4/8/KN6/8,1,0,0,-5
8/8/8/8/4k3/5p2/5K2/8,1,0,0,0
r3k1nr/1ppq2pp/p1pb1p2/4p3/3PP1b1/2P2N2/PP1N1PPP/R1BQR1K1,0,1,0,11
r3kbnr/pp3ppp/2n1p3/q1ppP3/N2P1B2/2P2N2/PP3PPP/R2QR1K1,1,1,0,123
r1bqk2r/pp2bppp/2nppn2/2p5/2B1P3/2NP1N2/PPP2PPP/R1BQR1K1,0,1,0,-10
4k3/8/8/8/4P3/8/8/4K3,0,0,0,0
r2q1rk1/pp2bpp1/2p1pn1p/P2n4/2NP3B/2NQP3/1P3PPP/R3K2R,1,1,0,-2
r2q1rk1/pb1nbpp1/1p2pn1p/2p5/2PPNB2/5NP1/PPQ2PBP/R2R2K1,1,0,0,75
1rb2rk1/3nppbp/p2p2p1/Q1p5/2BPP3/5P2/PP4PP/1KN4R,0,0,0,-157
8/p1k3p1/P3p3/1Pp1n3/2P1pP2/2K4P/4BP2/8,0,0,0,456
8/8/1p3k2/p2Pp1N1/b3P3/6P1/5K2/8,1,0,0,-461
r3r1k1/pppb1p1p/3b2p1/8/3N4/2P1B3/PP3PPP/R3R1K1,1,0,0,-18
8/3B4/8/8/8/2K1k3/7P/8,1,0,0,13
r4rk1/3nppbp/b2p1np1/q1pP4/8/2N2NP1/PP1BPPBP/R2QR1K1,0,0,0,37
r2qnrk1/bp1b4/p1p1n2p/2p1Npp1/1P6/P2P2P1/1B1NPPBP/2RQ1RK1,0,0,0,219
r5k1/1b2rpp1/p2P4/1p5Q/1P1b4/P7/6PP/5RK1,1,0,0,-406
6r1/p3kp2/2p1pp2/2p2B2/5q2/8/PPPP4/R1BQR1K1,1,0,0,-11
8/8/8/3k4/B7/8/4N3/4K3,1,0,0,9605
6K1/1k2Q3/1p6/p1n5/P4r2/8/8/8,0,0,0,-7
8/8/4np2/4pk1p/RN5P/PPr1KP2/8/8,1,0,0,-224
7r/1p4k1/p1bR1r2/2P2p2/5P1p/3B4/PP4P1/3KR3,1,0,0,121
1Q6/6kp/8/PB6/3Pb3/7P/6P1/6K1,0,0,0,7
r5k1/1b1nqpbp/5np1/1p2p3/4P3/3BBNNP/1P1Q1PP1/3R2K1,0,0,0,52
2kr2nr/1ppq2pp/p1pb1p2/4p3/3PP1b1/2P2N2/PP1N1PPP/R1BQR1K1,1,0,0,8
7K/8/8/8/8/8/Qp6/2k5,1,0,0,20
k1r5/pb6/2q1P3/3p1p2/3Q1P2/P7/1BP3PP/4KR2,0,0,0,109
rnbqkb1r/ppp1pppp/5n2/3p2B1/3P4/2N5/PPP1PPPP/R2QKBNR,0,1,0,-19
1r1r2k1/4q2p/2p1b1pB/p1Pn1pN1/Rb2p2P/1Q4P1/4PPB1/2R3K1,1,0,0,-16
r1bqkb1r/pppp1ppp/2n2n2/4p3/2B1P3/2N5/PPPP1PPP/R1BQK1NR,1,1,0,11
2b5/1p6/p2r1k2/4Rp2/2B2P1p/2K5/PP4P1/8,1,0,0,0
r2qk2r/6p1/1pp1B3/3p2b1/P2P3p/1NB2PnP/1PP1nK2/R3QR2,0,1,0,-424
5N2/1p6/2b1P2k/p4pp1/P7/6KP/6P1/8,1,0,0,-348
r2q1r1k/pbp3p1/1p1b2p1/5p2/2B5/P3PPP1/1P3P2/2RQK2R,0,1,0,1
r3kb1r/pppbqppp/2np1n2/1B2P3/3P4/5N2/PP3PPP/RNBQK2R,1,1,0,123
rnbqkbnr/ppp2pp1/3p3p/8/2B1Pp2/1P3N2/P1PP2PP/RNBQK2R,0,1,0,-76
r1bqk2r/pp1nbppp/2p1pn2/3p4/3P1B2/2P1PN2/PP1N1PPP/R2QKB1R,1,1,0,52
6K1/4Q3/1pk5/p1n5/P4r2/8/8/8,1,0,0,-3
8/2nk4/5Q2/8/2K5/8/8/8,1,0,0,10
8/8/8/8/1q1k4/8/K7/3N4,0,0,0,-5
4r2k/8/6Q1/4N3/P3R3/7P/5PPK/1qr5,1,0,0,1
r3kbnr/pp3ppp/2n1p3/q1NpP3/3P1B2/2P2N2/PP3PPP/R2QR1K1,0,1,0,76
6k1/1p5p/2pp2p1/p7/2Pb2bq/1P1PpK2/P1N3RP/1RQ5,1,0,0,-3
1R6/4q1pk/5pn1/b2pB1Pp/2pP2b1/p1P5/P1r2PP1/1Q3NK1,1,0,0,364
r4rk1/pp1nnppp/3b4/PNpP4/3P1pbq/5N2/1PP1K1PP/R1BQ1B1R,0,0,0,-377
r2q1k1r/ppp1npb1/1N2b1pp/4p3/2P1P3/5N2/PP3PPP/R2QKB1R,1,0,0,92
2r2k1r/1p1bpp2/p2p4/5PPp/3R4/2N2R2/PPP1B1n1/2K5,1,0,0,64
4k2r/p2n1ppp/Npr1p3/3pP3/3p1P2/8/P2N2PP/R3K2R,0,1,0,-24
3K4/1kP5/8/8/8/8/8/8,0,0,0,8
rnb1r1k1/pp3pbp/2p3p1/3Pp1B1/4P3/5N2/PP2BPPP/R3K2R,1,1,0,6
r4r1k/pbp3p1/1p1b2p1/5p2/2B4q/P3PPP1/1P3P2/2RQK2R,1,1,0,1
r1bqkb1r/pppp1ppp/2n2n2/4p3/2B1P3/2N2N2/PPPP1PPP/R1BQK2R,0,1,0,0
rnbqk2r/1p1p1ppp/4pn2/pPb5/2P5/8/P3PPPP/RNBQKBNR,1,1,0,-35
8/8/3k4/3B4/2NK4/8/8/8,0,0,0,18
6R1/7K/5k2/8/8/8/8/6r1,0,0,0,-1
k1r5/pb6/4q3/3p1p2/3Q1P2/P7/1BP3PP/4KR2,1,0,0,130
6k1/1p5p/2pp2p1/p7/2Pb2Rq/1P1PpK2/P1N4P/1RQ5,0,0,0,-3
rnbqkbnr/ppp2ppp/8/3pp3/8/1P4P1/P1PPPPBP/RNBQK1NR,0,1,0,-44
8/5b2/2B2k2/p4p2/5P1p/P7/1P3KP1/8,0,0,0,621
r1bqk2r/pp2bppp/4pn2/n5B1/2BP4/2N2N2/PP3PPP/R2Q1RK1,0,1,0,-39
2kr3r/1ppqn1pp/p1pb1p2/4p3/3PP1b1/2P2N2/PP3PPP/R1BQRNK1,1,0,0,-8
8/8/1p3b2/8/4kp2/R7/PP5P/2K5,0,0,0,585
r2qnrk1/bp1b4/p1p1n2p/4Npp1/1p6/P2P2P1/1B1NPPBP/2RQ1RK1,1,0,0,232
r4rk1/ppp3bp/n2p1q2/3P1b2/1PP5/1QN1B2P/P2KBP2/3R3R,0,0,0,81
2r2k1r/1p2pp2/p2pb1p1/6Pp/3RPPn1/2N5/PPP1B1P1/2K2R2,0,0,0,30
rnbqkbnr/pp1ppppp/2p5/8/4P3/8/PPPP1PPP/RNBQKBNR,1,1,0,31
r2qr1k1/5pp1/p2pb2p/np1N4/2p1PQ2/1B4RP/PPP2PP1/R5K1,1,0,0,533
5rk1/pp1b1ppp/4p3/4P3/1q1p1Pn1/2NB1N2/P2K2PP/1R3Q2,0,0,0,-401
4Q1K1/8/1pk5/p1n5/P4r2/8/8/8,0,0,0,-6
1r1r2k1/7p/2p1q1pB/p1Pn1p2/Rb2p2P/1Q4P1/4PPB1/2R3K1,1,0,0,0
8/3k4/8/3B4/2NK4/8/8/8,1,0,0,18
k1r5/pb6/4q3/3p1p2/3Q1P2/P7/1BP3PP/3K1R2,0,0,0,85
1Kb5/2PBk3/8/4Bppp/8/p5P1/4PP1P/8,0,0,0,14
8/3B4/6k1/p2b1p2/5P1p/P7/1P4P1/6K1,1,0,0,625
8/2r5/4np2/3Npk1p/R6P/P3KP2/1P6/8,1,0,0,706
r2q1rk1/pp3ppp/1bn1bn2/1B1p2B1/3N4/1NP5/PP3PPP/R2Q1RK1,0,0,0,0
r1bqk2r/2ppbppp/p1n2n2/1p2p3/4P3/1BPP1N2/PP3PPP/RNBQK2R,0,1,0,0
1k6/ppp3q1/8/4r3/8/8/3B1PPP/R4QK1,1,0,0,20
8/8/8/8/q2k4/8/K7/3N4,1,0,0,-4
r5k1/1b1r1pp1/p2P4/1p5Q/1P1b4/P7/6PP/5R1K,1,0,0,-424
2kr3r/1ppqn1pp/p1pb1p2/4p3/3PP1b1/2P2NN1/PP3PPP/R1BQR1K1,0,0,0,-163
8/8/1p3b2/8/4k3/R4p2/PP5P/2K5,1,0,0,609
7K/8/8/8/2Q5/8/1p6/2k5,0,0,0,19
rnbqkbnr/ppp1pppp/3p4/8/4P3/8/PPPP1PPP/RNBQKBNR,1,1,0,43
r1bqk2r/ppp2ppp/2np1n2/2b1p3/2B1P3/2NP1Q1P/PPP2PP1/R1B1K1NR,0,1,0,-27
1R6/4q2k/5pn1/b2pB2p/2pP2b1/p1P5/P1r2PP1/1Q3NK1,1,0,0,370
rnbqkb1r/pp1p1ppp/4pn2/2p5/2P5/2N1P3/PP1P1PPP/R1BQKBNR,1,1,0,16
4Q1K1/3n4/1pk5/p7/P4r2/8/8/8,1,0,0,-5
rnbqk2r/ppp1ppbp/6p1/3nP3/3P4/2N5/PPP3PP/R1BQKBNR,1,1,0,3
r1bqk2r/pp2bppp/4pn2/6B1/2nP4/2N2N2/PP3PPP/R2Q1RK1,1,1,0,-27
r1b1k2r/pp3ppp/1q2p3/2npP1N1/8/8/PP3PPP/R2QRBK1,0,1,0,-122
k1r5/pb6/6q1/3p1p2/3Q1P2/P7/1BP3PP/3K1R2,1,0,0,132
8/1p1N4/2b1P2k/p4pp1/P7/6KP/6P1/8,0,0,0,-392
rnbqkbnr/pp1ppppp/2p5/8/3PP3/8/PPP2PPP/RNBQKBNR,0,1,0,24
r3k2r/1p2p3/p2ppnp1/4n1bp/5P1P/1NN5/PPP3P1/2KR2R1,1,1,0,283
r1b1k2r/1p2bppp/p2qpn2/8/2BN4/8/PPP2PPP/R1BQR1K1,1,1,0,25
2b1R3/1p6/p2r1k2/5p2/2B2P1p/2K5/PP4P1/8,0,0,0,0
7K/8/8/8/2Q5/8/1p6/3k4,1,0,0,19
3qrk2/p1r2Qp1/1p2pb2/nP1bN3/3PN3/P6R/5PPP/R5K1,0,0,0,2
r1bq1rk1/pp2bppp/2nppn2/2p5/2B1P3/2NP1N2/PPP2PPP/R1BQR1K1,1,0,0,-10
r3kb1r/pppbqppp/2np1n2/1B2P3/3P4/5N2/PP3PPP/RNBQ1RK1,0,1,0,118
r1bq1rk1/2ppbppp/p1n2n2/1p2p3/4P3/1BPP1N2/PP3PPP/RNBQK2R,1,1,0,9
8/5p2/1P6/4k1p1/K3P1P1/8/2P5/8,0,0,0,13
6K1/3n4/1pk3Q1/p7/P4r2/8/8/8,0,0,0,-7
r1bq1rk1/pp1nbppp/4pn2/2pp4/3P1B2/2PBPN2/PPQN1PPP/R3K2R,1,1,0,41
r1bqk2r/pp2bppp/4pn2/6B1/Q1nP4/2N2N2/PP3PPP/R4RK1,0,1,0,-37
rn1q1rk1/pp2bppp/2p1pn2/3p4/2PP4/2N1PQ1P/PP1B1PP1/R3KB1R,1,0,0,0
r4rk1/pp4bp/n1pp1q2/3P1b2/1PP5/1QN1B2P/P2KBP2/3R3R,1,0,0,112
r2qk2r/pp1bbppp/2n1p3/3pPn2/3P4/N4N2/PP2BPPP/R1BQ1RK1,1,1,0,27
8/2nk4/5Q2/2K5/8/8/8/8,0,0,0,9
1Kb5/2Pk4/8/4Bppp/8/p5P1/4PP1P/8,1,0,0,3
8/8/8/3k4/B7/2N5/8/4K3,0,0,0,9605
rnbqk2r/pp2ppbp/3p1np1/2pP4/2P1P3/5P2/PP2N1PP/RNBQKB1R,0,1,0,21
r3k2r/1p2p3/p2ppnp1/4n1Pp/5P2/1NN5/PPP3P1/2KR2R1,0,1,0,282
7r/p3kp2/2p1pp2/2p2B2/8/6q1/PPPP4/R1BQR1K1,1,0,0,-3
rnbqkbnr/pp2pppp/2p5/3p4/3PP3/8/PPP2PPP/RNBQKBNR,1,1,0,24
N2q1k1r/ppp1npb1/4b1pp/4p3/2P1P3/5N2/PP3PPP/R2QKB1R,0,0,0,81
8/p1k3p1/P3p1n1/1Pp5/2P1pP2/2K4P/4BP2/8,1,0,0,510
2k3r1/2r5/p1R5/2pN1p2/2pP4/2P3P1/P2q1P1P/1R4K1,1,0,0,2
8/8/8/8/q2k4/8/1K6/3N4,0,0,0,-4
rnbqk2r/p1p2ppp/5n2/1pbPp1B1/2p1P3/2N2N2/PP3PPP/R2QKB1R,0,1,0,-97
8/4k3/8/2KB4/2N5/8/8/8,1,0,0,25
r2qk2r/6p1/1pp1B3/3p2b1/P2P1n1p/1NB2PnP/1PP5/R3QRK1,0,1,0,-347
k1r5/pb6/6q1/3p1p2/3Q1P2/P7/1BP2RPP/3K4,0,0,0,129
r2qnrk1/bp1b4/p1p1n2p/4Npp1/1p6/PQ1P2P1/1B1NPPBP/2R2RK1,0,0,0,217
r1bqkb1r/pppp1ppp/2n5/4p3/2B1N3/5N2/PPPP1PPP/R1BQK2R,0,1,0,0
8/8/3k4/8/2B5/2B1K3/8/8,0,0,0,14
3qrk2/p4rp1/1p2pb2/nP1bN3/3PN3/P6R/5PPP/R5K1,1,0,0,2
8/1pB5/p1p5/5k2/PP5r/2P1K1p1/8/8,0,0,0,-3293
r2q1rk1/pb1nbpp1/1p2pN1p/2p5/2PP1B2/5NP1/PPQ2PBP/R2R2K1,0,0,0,82
8/5p2/1P6/6p1/K3k1P1/8/2P5/8,1,0,0,13
8/3B4/6k1/p2b1p2/5P1p/P7/1P4PK/8,0,0,0,644
r1b2rk1/pp3ppp/1q2p3/2npP1N1/8/8/PP3PPP/R2QRBK1,1,0,0,43
r2qr1k1/5pp1/p2pb2Q/np1N4/2p1P3/1B4RP/PPP2PP1/R5K1,0,0,0,520
8/3k4/4nQ2/2K5/8/8/8/8,1,0,0,9
4k2r/pp3ppp/2qrpn2/1B6/3P1Q2/2P4P/P4PP1/2R2RK1,0,0,0,501
6k1/1p5p/2pp2p1/p7/2Pb2R1/1P1PpK2/P1N2q1P/1RQ5,1,0,0,-2
8/1R2q2k/5pn1/b2pB2p/2pP2b1/p1P5/P1r2PP1/1Q3NK1,0,0,0,325
8/1p1N4/4P2k/p4pp1/b7/6KP/6P1/8,1,0,0,-391
r1bqkb1r/pppp1ppp/2n2n2/4p1N1/2B1P3/8/PPPP1PPP/RNBQK2R,0,1,0,17
8/8/8/8/B1k5/2N5/8/4K3,1,0,0,9605
7r/p3kp2/2p1pp2/2p2B2/8/6q1/PPPP4/R1BQRK2,0,0,0,-3
rnbqkb1r/pp2pppp/2p2n2/3p4/2PP4/2N2N2/PP2PPPP/R1BQKB1R,0,1,0,20
2Q5/5Bpk/7p/8/8/8/8/6K1,1,0,0,1
6K1/3n4/1pk2rQ1/p7/P7/8/8/8,1,0,0,-7
6r1/7K/5k2/8/8/8/8/8,1,0,0,0
8/8/1K6/P7/1k6/8/5r2/8,0,0,0,-13
2r2k1r/1p1bpp2/p2p4/5PPp/3R4/2N2R2/PPP3n1/2K2B2,0,0,0,38
r1bqk2r/ppp2ppp/2np1n2/2b1p1B1/2B1P3/2NP1N2/PPP2PPP/R2QK2R,0,1,0,0
8/8/8/8/3k4/8/1K6/3q4,1,0,0,-3
k1r5/pb6/8/3p1p1q/3Q1P2/P7/1BP2RPP/3K4,1,0,0,128
r1bqkb1r/ppp2ppp/2n5/3pp3/2B1N3/5N2/PPPP1PPP/R1BQK2R,1,1,0,0
8/8/8/2k5/2B5/2B1K3/8/8,1,0,0,14
r3kb1r/pppbqppp/2np4/1B1nP3/3P4/5N2/PP3PPP/RNBQ1RK1,1,1,0,255
r2q1rk1/pb1n1pp1/1p2pb1p/2p5/2PP1B2/5NP1/PPQ2PBP/R2R2K1,1,0,0,79
r1bqkb1r/pppp1ppp/2n2n2/1B2p3/4P3/2N2N2/PPPP1PPP/R1BQK2R,0,1,0,4
rnbqkbnr/pp2pppp/2p5/3P4/3P4/8/PPP2PPP/RNBQKBNR,0,1,0,8
7K/8/8/8/8/1Q6/1p6/3k4,0,0,0,19
r3k3/ppp4p/3b2p1/8/3N1r2/1P6/PBPP2bP/2KR2R1,0,1,0,-20
3K4/2P5/2k5/8/8/8/8/8,1,0,0,8
5rk1/pp1b1ppp/4p3/4P3/1q3Pn1/2pB1N2/P3K1PP/1R3Q2,0,0,0,-406
6k1/1p5p/2pp2p1/p7/2PbK1R1/1P1Pp3/P1N2q1P/1RQ5,0,0,0,-2
8/8/3k4/8/8/4K3/8/Q6R,1,0,0,3
8/8/8/2k5/2B5/2BK4/8/8,0,0,0,13
r3k2r/1p1np3/p2pp1p1/4n1Pp/5P2/1NN5/PPP3P1/2KR2R1,1,1,0,260
rnbqk2r/1p1p1ppp/4pn2/pPb5/2P5/4P3/P4PPP/RNBQKBNR,0,1,0,-66
8/1P6/8/5Pp1/K3k3/8/2P5/8,0,0,0,11
8/p1k3p1/P3p1n1/1Pp5/2P1pPB1/2K4P/5P2/8,0,0,0,475
r3k3/1p2p3/p1n1pnpr/2N1p2p/7P/2N5/PPP2PP1/2KR2R1,0,1,0,127
rn1qkbnr/ppp2pp1/3pb2p/8/2B1Pp1P/5N2/PPPPQ1P1/RNB1K2R,0,1,0,-5
8/p3kp2/2p1pp2/2p2B2/8/6q1/PPPP4/R1BQRK1r,1,0,0,-2
8/8/1p3b2/8/4k3/R4p2/PP5P/3K4,0,0,0,460
rnbqkbnr/pp2pppp/8/3p4/3P4/8/PPP2PPP/RNBQKBNR,1,1,0,18
rnb1r1k1/pp3pbp/6p1/3Bp1B1/4P3/5N2/PP3PPP/R3K2R,0,1,0,2
7K/8/8/8/8/1Q6/1p6/2k5,1,0,0,18
8/3B4/6k1/p4p2/4bP1p/P7/1P4PK/8,1,0,0,665
8/3B4/6k1/p4p2/5P1p/Pb6/1P3KP1/8,1,0,0,625
r4rk1/ppn3bp/2pp1q2/3P1b2/1PP5/PQN1B2P/3KBP2/3R3R,1,0,0,72
3Q4/1nk1RK2/1p2P3/pB6/P7/7r/5p2/8,0,0,0,0
8/8/3k4/8/2B5/2BK4/8/8,1,0,0,13
r3k2r/1p1np3/p2pp1p1/4P1Pp/8/1NN5/PPP3P1/2KR2R1,0,1,0,259
8/r7/8/5bk1/8/5B2/5RPP/6K1,0,0,0,245
8/8/4k3/8/8/4PK2/8/8,1,0,0,19
8/4k3/6K1/7P/8/8/8/8,1,0,0,11
1Q6/8/8/5kp1/K7/8/2P5/8,0,0,0,10
8/8/8/8/3k4/K7/8/3q4,0,0,0,-3
r1bqkb1r/pp1n1pp1/2pp1n1p/4p3/3PP1PP/2N2N2/PPP2P2/R1BQKBR1,0,1,0,0
r3k1nr/pp3ppp/2n1p3/8/3P2b1/P1q2N2/4BPPP/R1BQ1RK1,1,1,0,306
6k1/5ppp/pb2p3/1p2P3/1P2bPnP/P1r5/1B1Q3P/R4R1K,1,0,0,-4
8/2k2pN1/p1p4p/1p4bP/3R2P1/2PB4/KP1n4/2r5,0,0,0,-223
r2qr1k1/5p2/p2pb1pQ/np1N4/2p1P3/1B4RP/PPP2PP1/R5K1,1,0,0,586
rnbqk2r/ppp2ppp/8/2bNp3/2B1nP2/5N2/PPPP2PP/R1BQK2R,0,1,0,-189
3qrk2/p4rp1/1p2pbN1/nP1b4/3PN3/P6R/5PPP/R5K1,0,0,0,1
8/p1k3p1/P3p3/1Pp5/2P1pnB1/2K4P/5P2/8,1,0,0,519
4k2r/pp3ppp/3rpn2/1q6/3P1Q2/2P4P/P4PP1/2R2RK1,1,0,0,516
